control_id,title,requirement,applicability,responsible_role,enforcement,evidence,severity,exception_authority,protection_objective,book_i,book_ii,book_iii,book_iv,book_x,chapter,automation
VI-GOV-01-001,Apply the canon hierarchy,"Every program decision MUST preserve Book I, implement Book II, follow Book III, respect Book IV ownership, and use Book X semantics; conflict MUST halt the affected decision and be recorded.",all program decisions,Security and Trust Executive,source-version gate and conflict workflow,source manifest and decision record,Critical,None,Both,"Articles I-XIV; Decisions 1, 5, 26, 27, 47, 48, 58","Chapters 1, 3-5, 35","Chapters 1, 5, 8-9","CMP-01, CMP-03, CMP-17-21, CMP-24","Chapters 1, 3-4, 7-8, 10",01,Automated + human review
VI-GOV-01-002,Separate protection from restraint,"Every risk assessment and control design MUST state whether it protects HAL, prevents HAL from exceeding Authority, or does both; neither objective MAY be omitted when applicable.",all controls and risks,Control Owner,control-schema validation,control record with protection objective,Critical,Security and Trust Executive,Both,"Articles I-XIV; Decisions 1, 5, 26, 27, 47, 48, 58","Chapters 1, 3-5, 35","Chapters 1, 5, 8-9","CMP-01, CMP-03, CMP-17-21, CMP-24","Chapters 1, 3-4, 7-8, 10",01,Automated + human review
VI-GOV-01-003,Assign control accountability,"Each active control MUST have one accountable Control Owner, identified operators, an assessor, evidence, test frequency, failure response, and succession coverage.",all controls,Security and Trust Executive,catalog completeness gate,approved control assignment,High,Risk Steward,Both,"Articles I-XIV; Decisions 1, 5, 26, 27, 47, 48, 58","Chapters 1, 3-5, 35","Chapters 1, 5, 8-9","CMP-01, CMP-03, CMP-17-21, CMP-24","Chapters 1, 3-4, 7-8, 10",01,Automated + human review
VI-GOV-01-004,Classify risk by consequence,"Risks MUST be classified using the highest material consequence across authority, constitutional invariant, privacy, trust boundary, compromise, continuity, safety, irreversibility, and blast radius.",all risks,Risk Steward,risk-register validation and review,risk assessment,Critical,Security and Trust Executive,Both,"Articles I-XIV; Decisions 1, 5, 26, 27, 47, 48, 58","Chapters 1, 3-5, 35","Chapters 1, 5, 8-9","CMP-01, CMP-03, CMP-17-21, CMP-24","Chapters 1, 3-4, 7-8, 10",01,Automated + human review
VI-GOV-01-005,Maintain separation of duties,"No person or service MAY solely request, approve, execute, and attest a protected security, privacy, trust, key, Treaty, or break-glass change.",protected changes,Control Owner,role-conflict policy,approval and execution evidence,Critical,Security and Trust Executive,Both,"Articles I-XIV; Decisions 1, 5, 26, 27, 47, 48, 58","Chapters 1, 3-5, 35","Chapters 1, 5, 8-9","CMP-01, CMP-03, CMP-17-21, CMP-24","Chapters 1, 3-4, 7-8, 10",01,Automated + human review
VI-GOV-01-006,Operate a control lifecycle,"Controls MUST be proposed, reviewed, approved, implemented, tested, monitored, remediated, and retired through versioned records with preserved history.",all controls,Control Owner,control-state machine,control lifecycle record,High,Risk Steward,Both,"Articles I-XIV; Decisions 1, 5, 26, 27, 47, 48, 58","Chapters 1, 3-5, 35","Chapters 1, 5, 8-9","CMP-01, CMP-03, CMP-17-21, CMP-24","Chapters 1, 3-4, 7-8, 10",01,Human review with recorded evidence
VI-GOV-01-007,Time-bound all exceptions,"An exception MUST identify control, scope, rationale, risk, compensating controls, approver, evidence, effective date, review date, expiry, and revocation triggers; silent or permanent exceptions are prohibited.",all exceptions,Risk Steward,exception registry and expiry enforcement,signed exception record,Critical,Security and Trust Executive,Both,"Articles I-XIV; Decisions 1, 5, 26, 27, 47, 48, 58","Chapters 1, 3-5, 35","Chapters 1, 5, 8-9","CMP-01, CMP-03, CMP-17-21, CMP-24","Chapters 1, 3-4, 7-8, 10",01,Human review with recorded evidence
VI-GOV-01-008,Forbid program-created authority,"Security status, trust, identity, credentials, certificates, risk acceptance, or control compliance MUST NOT create Permission, Authority, Owner approval, capability-class approval, or Treaty scope.",all program actions,Security and Trust Executive,negative authority-path tests,authority non-creation attestation,Critical,None,Constrain HAL,"Articles I-XIV; Decisions 1, 5, 26, 27, 47, 48, 58","Chapters 1, 3-5, 35","Chapters 1, 5, 8-9","CMP-01, CMP-03, CMP-17-21, CMP-24","Chapters 1, 3-4, 7-8, 10",01,Human review with recorded evidence
VI-IAM-02-001,Bind access to immutable identity,"Every access decision MUST bind an authenticated immutable principal identity; names, locations, devices, network zones, or roles alone MUST NOT establish identity.",all access,Identity Service Owner,identity-context validation,authentication record,Critical,None,Both,"Decisions 6, 27, 47-48","Chapters 4-5, 23, 33",Chapter 5,"CMP-02, CMP-03, CMP-17, CMP-25","Chapters 3-4, 8",02,Automated + human review
VI-IAM-02-002,Independently evaluate Permission for every action,"Successful authentication MUST NOT imply Permission; each protected operation MUST obtain a current Permission decision bounded by current Authority for the exact action, target, purpose, constraints, and time.",protected operations,Authority Service Owner,policy enforcement point,Permission Decision Record,Critical,None,Constrain HAL,"Decisions 6, 27, 47-48","Chapters 4-5, 23, 33",Chapter 5,"CMP-02, CMP-03, CMP-17, CMP-25","Chapters 3-4, 8",02,Automated + human review
VI-IAM-02-003,Use risk-appropriate authentication,"Authentication strength, freshness, liveness, device evidence, and step-up requirements MUST be proportionate to the protected consequence and environmental risk.",all sessions,Identity Service Owner,adaptive authentication policy,authentication assurance record,High,Security and Trust Executive,Both,"Decisions 6, 27, 47-48","Chapters 4-5, 23, 33",Chapter 5,"CMP-02, CMP-03, CMP-17, CMP-25","Chapters 3-4, 8",02,Automated + human review
VI-IAM-02-004,Review access continuously,"Privileged, cross-domain, sensitive-data, and protected-state access MUST be reviewed on grant, material change, periodic cadence, incident, role change, and termination.",sensitive access,Resource Owner,access review workflow,access review and disposition,High,Risk Steward,Both,"Decisions 6, 27, 47-48","Chapters 4-5, 23, 33",Chapter 5,"CMP-02, CMP-03, CMP-17, CMP-25","Chapters 3-4, 8",02,Human review with recorded evidence
VI-IAM-02-005,Revoke promptly,"Termination, compromise, expired delegation, quarantine, loss of need, or material risk increase MUST revoke or constrain affected sessions, tokens, permissions, and derived access without waiting for routine review.",access lifecycle events,Access Administrator,revocation automation,revocation receipts,Critical,None,Both,"Decisions 6, 27, 47-48","Chapters 4-5, 23, 33",Chapter 5,"CMP-02, CMP-03, CMP-17, CMP-25","Chapters 3-4, 8",02,Automated + human review
VI-IAM-02-006,Quarantine without identity erasure,"Identity quarantine MUST restrict new work and credentials, preserve forensic evidence, maintain historical attribution, and require independent release; an identity MUST NOT self-release.",suspect identities,Security Operations,quarantine state machine,quarantine and release records,Critical,Security and Trust Executive,Both,"Decisions 6, 27, 47-48","Chapters 4-5, 23, 33",Chapter 5,"CMP-02, CMP-03, CMP-17, CMP-25","Chapters 3-4, 8",02,Human review with recorded evidence
VI-IAM-02-007,Prevent shared identities,Human operators MUST NOT share identities; service identities MUST be uniquely attributable to one workload identity and accountable owner.,all identities,Identity Service Owner,identity inventory scan,identity registry,High,Security and Trust Executive,Protect HAL,"Decisions 6, 27, 47-48","Chapters 4-5, 23, 33",Chapter 5,"CMP-02, CMP-03, CMP-17, CMP-25","Chapters 3-4, 8",02,Automated + human review
VI-IAM-02-008,Minimize access,"Permissions MUST be purpose-bound, least-privileged, scoped to resources and operations, and expire at the shortest practicable interval consistent with declared availability, integrity, and human-harm constraints.",all grants,Resource Owner,policy analysis and expiry,grant record,High,Risk Steward,Both,"Decisions 6, 27, 47-48","Chapters 4-5, 23, 33",Chapter 5,"CMP-02, CMP-03, CMP-17, CMP-25","Chapters 3-4, 8",02,Automated + human review
VI-PAM-03-001,Broker privileged access,"Privileged access MUST use an approved broker or equivalent controlled path with strong authentication, current Authority and Permission, session bounds, command or action evidence, and automatic expiry.",privileged access,Privileged Access Owner,privileged access gateway,session evidence,Critical,None,Both,"Decisions 27, 38-40, 48","Chapters 3-5, 23, 28, 33","Chapters 2, 5, 7","CMP-01-03, CMP-25-26","Chapters 3-4, 8-9",03,Automated + human review
VI-PAM-03-002,Use just-in-time elevation,"Standing privilege SHOULD NOT exist; elevation MUST be just-in-time, purpose-specific, time-limited, approved at the appropriate risk level, and removed automatically.",privileged roles,Privileged Access Owner,elevation workflow,elevation record,High,Security and Trust Executive,Both,"Decisions 27, 38-40, 48","Chapters 3-5, 23, 28, 33","Chapters 2, 5, 7","CMP-01-03, CMP-25-26","Chapters 3-4, 8-9",03,Human review with recorded evidence
VI-PAM-03-003,Constrain break-glass,"Break-glass access MUST require a declared emergency, narrow scope, an independent Permission decision bounded by current Authority where reachable, enhanced monitoring, immutable evidence, automatic expiry, and retrospective review within 24 hours.",emergencies,Incident Commander,emergency access workflow,break-glass record and review,Critical,Security and Trust Executive,Both,"Decisions 27, 38-40, 48","Chapters 3-5, 23, 28, 33","Chapters 2, 5, 7","CMP-01-03, CMP-25-26","Chapters 3-4, 8-9",03,Human review with recorded evidence
VI-PAM-03-004,Protect Owner ceremonies,Credentials or privileged access MUST NOT substitute for the Owner Authorization Ceremony or other constitutionally protected approval.,protected Owner actions,Privileged Access Owner,Kernel ceremony-admission test,ceremony evidence reference,Critical,None,Constrain HAL,"Decisions 27, 38-40, 48","Chapters 3-5, 23, 28, 33","Chapters 2, 5, 7","CMP-01-03, CMP-25-26","Chapters 3-4, 8-9",03,Human review with recorded evidence
VI-PAM-03-005,Issue workload-bound service identities,"Each service identity MUST bind to an approved workload, environment, owner, capability need, permitted audience, credential method, and rotation/revocation policy.",service identities,Service Owner,workload identity admission,service identity record,High,Risk Steward,Protect HAL,"Decisions 27, 38-40, 48","Chapters 3-5, 23, 28, 33","Chapters 2, 5, 7","CMP-01-03, CMP-25-26","Chapters 3-4, 8-9",03,Human review with recorded evidence
VI-PAM-03-006,Eliminate embedded credentials,"Credentials MUST NOT be stored in source, images, logs, tickets, prompts, generated artifacts, or unapproved configuration; discovery MUST trigger containment and rotation.",all artifacts,Credential Custodian,secret scanning and admission gates,scan results and rotation record,Critical,None,Protect HAL,"Decisions 27, 38-40, 48","Chapters 3-5, 23, 28, 33","Chapters 2, 5, 7","CMP-01-03, CMP-25-26","Chapters 3-4, 8-9",03,Automated + human review
VI-PAM-03-007,Rotate on defined triggers,"Credentials MUST rotate on scheduled lifetime, exposure, custody change, algorithm or issuer weakness, workload change, environment migration, and incident direction.",all credentials,Credential Custodian,lifecycle controller,rotation and revocation receipts,High,Security and Trust Executive,Protect HAL,"Decisions 27, 38-40, 48","Chapters 3-5, 23, 28, 33","Chapters 2, 5, 7","CMP-01-03, CMP-25-26","Chapters 3-4, 8-9",03,Automated + human review
VI-PAM-03-008,Investigate privileged anomalies,"Unexpected privilege use, failed elevation, geographic or workload mismatch, bulk access, disabled telemetry, or policy bypass attempt MUST create an incident-relevant event and risk-based response.",privileged activity,Security Operations,behavior detection,security event and disposition,Critical,None,Both,"Decisions 27, 38-40, 48","Chapters 3-5, 23, 28, 33","Chapters 2, 5, 7","CMP-01-03, CMP-25-26","Chapters 3-4, 8-9",03,Human review with recorded evidence
VI-CRY-04-001,Use approved cryptographic profiles,"Cryptography MUST use approved algorithms, modes, key sizes, protocols, libraries, and purposes recorded in the cryptographic profile; custom cryptography is prohibited.",all cryptographic use,Cryptography Authority,build and configuration policy,cryptographic inventory,Critical,None,Protect HAL,"Decisions 23, 27, 39-40, 43","Chapters 23, 28, 31, 33","Chapters 2, 5, 7","CMP-02, CMP-17, CMP-20-25","Chapters 4, 7-9",04,Automated + human review
VI-CRY-04-002,Separate keys by purpose and domain,"Keys MUST be separated by environment, Trust Domain, principal or workload, purpose, data classification, and cryptographic operation; reuse across incompatible contexts is prohibited.",all keys,Key Custodian,key-policy enforcement,key metadata,Critical,None,Both,"Decisions 23, 27, 39-40, 43","Chapters 23, 28, 31, 33","Chapters 2, 5, 7","CMP-02, CMP-17, CMP-20-25","Chapters 4, 7-9",04,Automated + human review
VI-CRY-04-003,Keep secrets out of ambient authority,"Secrets MUST be referenced through governed secret services, scoped to the least audience and capability, short-lived where practical, auditable, and incapable of independently granting Authority.",all secrets,Key Custodian,secret broker and authority tests,secret access evidence,Critical,None,Both,"Decisions 23, 27, 39-40, 43","Chapters 23, 28, 31, 33","Chapters 2, 5, 7","CMP-02, CMP-17, CMP-20-25","Chapters 4, 7-9",04,Human review with recorded evidence
VI-CRY-04-004,Protect key custody,"High-impact keys MUST use hardware-backed or equivalently isolated custody, dual control for protected operations, non-exportability where feasible, and independently tested recovery.",critical keys,Key Custodian,custody controls and ceremony review,key ceremony record,Critical,Cryptography Authority,Protect HAL,"Decisions 23, 27, 39-40, 43","Chapters 23, 28, 31, 33","Chapters 2, 5, 7","CMP-02, CMP-17, CMP-20-25","Chapters 4, 7-9",04,Human review with recorded evidence
VI-CRY-04-005,Verify certificates completely,"Certificate validation MUST verify chain, identity, purpose, constraints, time, revocation, algorithm policy, and expected Trust Domain; possession alone MUST NOT imply Authority or Permission.",all certificate use,Certificate Operator,validation policy tests,validation event,Critical,None,Both,"Decisions 23, 27, 39-40, 43","Chapters 23, 28, 31, 33","Chapters 2, 5, 7","CMP-02, CMP-17, CMP-20-25","Chapters 4, 7-9",04,Automated + human review
VI-CRY-04-006,Rotate and revoke safely,"Rotation and revocation MUST define overlap, propagation, caches, in-flight work, offline nodes, failure behavior, receipts, and completion checks without weakening authority enforcement.",key and certificate changes,Certificate Operator,lifecycle orchestration,rotation manifest,High,Cryptography Authority,Both,"Decisions 23, 27, 39-40, 43","Chapters 23, 28, 31, 33","Chapters 2, 5, 7","CMP-02, CMP-17, CMP-20-25","Chapters 4, 7-9",04,Human review with recorded evidence
VI-CRY-04-007,Plan cryptographic agility,"Every cryptographic dependency MUST identify replacement triggers, compatible migration path, inventory reachability, testing, rollback or forward recovery, and retained evidence.",all cryptographic systems,Cryptography Authority,annual agility review,agility plan,High,Risk Steward,Protect HAL,"Decisions 23, 27, 39-40, 43","Chapters 23, 28, 31, 33","Chapters 2, 5, 7","CMP-02, CMP-17, CMP-20-25","Chapters 4, 7-9",04,Human review with recorded evidence
VI-CRY-04-008,Respond to cryptographic compromise,"Suspected key or issuer compromise MUST trigger containment, revocation, dependency impact analysis, reissuance, evidence preservation, and Book VIII-scoped reverification before restored trust.",compromise,Security Operations,incident playbook,compromise recovery package,Critical,None,Both,"Decisions 23, 27, 39-40, 43","Chapters 23, 28, 31, 33","Chapters 2, 5, 7","CMP-02, CMP-17, CMP-20-25","Chapters 4, 7-9",04,Human review with recorded evidence
VI-PLT-05-001,Harden from declared baselines,"Hosts, runtimes, containers, orchestrators, and managed services MUST conform to versioned hardening baselines with deviations recorded, time-bounded, monitored, and tested.",all platforms,Platform Security Owner,configuration assessment,baseline conformance evidence,High,Security and Trust Executive,Protect HAL,"Decisions 17-25, 36-44, 47","Chapters 2, 23, 28-33","Chapters 2, 5, 7","CMP-13-14, CMP-20, CMP-22-26",Chapters 6-9,05,Human review with recorded evidence
VI-PLT-05-002,Segment by trust and authority,"Network and workload paths MUST be allow-listed by authenticated identity, declared need, Trust Domain, data class, and permitted operation; network location MUST NOT establish trust.",all communications,Network Security Owner,policy-as-code and flow tests,segmentation evidence,Critical,None,Both,"Decisions 17-25, 36-44, 47","Chapters 2, 23, 28-33","Chapters 2, 5, 7","CMP-13-14, CMP-20, CMP-22-26",Chapters 6-9,05,Automated + human review
VI-PLT-05-003,Isolate workloads,"Workloads MUST have separate identities, least resources, restricted host access, read-only roots where practical, controlled egress, bounded persistence, and containment against neighboring compromise.",all workloads,Workload Owner,admission and runtime policy,workload attestation,High,Platform Security Owner,Protect HAL,"Decisions 17-25, 36-44, 47","Chapters 2, 23, 28-33","Chapters 2, 5, 7","CMP-13-14, CMP-20, CMP-22-26",Chapters 6-9,05,Automated + human review
VI-PLT-05-004,Build reproducibly,"Release artifacts MUST be produced by isolated, pinned, reviewable builds with protected inputs, deterministic steps where feasible, independent verification, and no developer workstation as release authority.",release builds,Build Custodian,reproducible build gate,build manifest and comparison,Critical,None,Protect HAL,"Decisions 17-25, 36-44, 47","Chapters 2, 23, 28-33","Chapters 2, 5, 7","CMP-13-14, CMP-20, CMP-22-26",Chapters 6-9,05,Automated + human review
VI-PLT-05-005,Sign and verify provenance,"Artifacts, dependencies, policies, configurations, and critical data packages MUST carry verifiable provenance and integrity; failed or unknown provenance MUST block protected use.",admitted artifacts,Build Custodian,admission verification,provenance record,Critical,None,Both,"Decisions 17-25, 36-44, 47","Chapters 2, 23, 28-33","Chapters 2, 5, 7","CMP-13-14, CMP-20, CMP-22-26",Chapters 6-9,05,Human review with recorded evidence
VI-PLT-05-006,Maintain dependency inventories,"Every deployable unit MUST have a current transitive inventory, ownership, source, version, license disposition, integrity, support status, known risk, and replacement path.",all dependencies,Dependency Owner,SBOM and policy gate,SBOM and disposition,High,Risk Steward,Protect HAL,"Decisions 17-25, 36-44, 47","Chapters 2, 23, 28-33","Chapters 2, 5, 7","CMP-13-14, CMP-20, CMP-22-26",Chapters 6-9,05,Automated + human review
VI-PLT-05-007,Assume component compromise,"Architecture and operations MUST constrain a compromised node, provider, dependency, model, adapter, or service from acquiring authority, mutating foreign authoritative state, suppressing audit, or escaping its domain.",all components,Security Assessor,adversarial containment tests,compromise containment report,Critical,None,Both,"Decisions 17-25, 36-44, 47","Chapters 2, 23, 28-33","Chapters 2, 5, 7","CMP-13-14, CMP-20, CMP-22-26",Chapters 6-9,05,Human review with recorded evidence
VI-PLT-05-008,Control external build services,"External builders, registries, repositories, and vendors MUST be separate Trust Domains with explicit permitted exchanges, evidence, revocation paths, and no implicit constitutional trust.",external supply chain,Build Custodian,third-party and exchange review,external service assessment,Critical,Security and Trust Executive,Both,"Decisions 17-25, 36-44, 47","Chapters 2, 23, 28-33","Chapters 2, 5, 7","CMP-13-14, CMP-20, CMP-22-26",Chapters 6-9,05,Human review with recorded evidence
VI-VUL-06-001,Maintain exposure-aware inventory,"The vulnerability program MUST continuously map assets, versions, dependencies, internet and cross-domain exposure, identities, privileges, data classes, and authoritative responsibilities.",all assets,Vulnerability Program Owner,inventory reconciliation,asset exposure inventory,High,Risk Steward,Protect HAL,"Decisions 26, 38, 42, 44","Chapters 2, 28, 31-33","Chapters 5, 7-9",CMP-24-26,Chapters 7-9,06,Human review with recorded evidence
VI-VUL-06-002,Accept findings from multiple channels,"Automated scans, advisories, dependency intelligence, researcher reports, penetration tests, incidents, anomaly evidence, and internal review MUST enter one tracked disposition process.",all findings,Vulnerability Program Owner,intake workflow,finding record,High,Security and Trust Executive,Protect HAL,"Decisions 26, 38, 42, 44","Chapters 2, 28, 31-33","Chapters 5, 7-9",CMP-24-26,Chapters 7-9,06,Human review with recorded evidence
VI-VUL-06-003,Prioritize by HAL consequence,"Remediation priority MUST consider exploitability, exposure, privilege, authority path, data sensitivity, trust boundary, component ownership, containment, detectability, recovery, and credible harm—not severity score alone.",all findings,Risk Steward,risk scoring review,prioritization rationale,Critical,Security and Trust Executive,Both,"Decisions 26, 38, 42, 44","Chapters 2, 28, 31-33","Chapters 5, 7-9",CMP-24-26,Chapters 7-9,06,Human review with recorded evidence
VI-VUL-06-004,Meet risk-based remediation targets,"Critical exploitable findings affecting authority, constitutional controls, protected state, external trust, or sensitive data MUST receive immediate containment and an approved remediation deadline.",critical findings,Asset Owner,SLA and containment gate,containment and remediation evidence,Critical,Security and Trust Executive,Both,"Decisions 26, 38, 42, 44","Chapters 2, 28, 31-33","Chapters 5, 7-9",CMP-24-26,Chapters 7-9,06,Automated + human review
VI-VUL-06-005,Test patches before adoption,"Patches MUST undergo impact analysis, provenance validation, representative testing, rollback or forward-recovery preparation, and post-update verification proportional to urgency and consequence.",all patches,Patch Authority,change admission gate,patch qualification record,High,Patch Authority,Both,"Decisions 26, 38, 42, 44","Chapters 2, 28, 31-33","Chapters 5, 7-9",CMP-24-26,Chapters 7-9,06,Automated + human review
VI-VUL-06-006,Do not remove critical checks for urgency,"Emergency remediation MAY compress ordinary timing but MUST NOT bypass identity, Authority, constitutional invariants, provenance, evidence, or recovery controls.",emergency patches,Patch Authority,emergency change policy,emergency patch record,Critical,None,Constrain HAL,"Decisions 26, 38, 42, 44","Chapters 2, 28, 31-33","Chapters 5, 7-9",CMP-24-26,Chapters 7-9,06,Automated + human review
VI-VUL-06-007,Verify closure,"A finding closes only when the fix or compensating control is deployed to every in-scope asset, independently verified, monitored, and linked to residual risk; ticket closure alone is insufficient.",all remediations,Independent Assessor,retest and inventory reconciliation,closure verification,High,Risk Steward,Protect HAL,"Decisions 26, 38, 42, 44","Chapters 2, 28, 31-33","Chapters 5, 7-9",CMP-24-26,Chapters 7-9,06,Human review with recorded evidence
VI-VUL-06-008,Coordinate disclosure safely,"Disclosure MUST protect affected people, preserve evidence, respect authorized reporting channels and Treaties, avoid enabling preventable harm, and never conceal material risk from accountable decision-makers.",disclosures,Security and Trust Executive,disclosure review,disclosure decision record,High,Owner only for genuine Owner matters,Both,"Decisions 26, 38, 42, 44","Chapters 2, 28, 31-33","Chapters 5, 7-9",CMP-24-26,Chapters 7-9,06,Human review with recorded evidence
VI-PRV-07-001,Classify before processing,"Data MUST be classified before collection, inference, storage, use, disclosure, replication, or deletion; unknown classification MUST receive the most protective plausible handling.",all data,Data Owner,schema and admission validation,classification record,Critical,None,Both,"Articles IX-X; Decisions 10, 30, 39-40, 45, 48, 55","Chapters 12, 14, 18, 24, 27, 29","Chapters 5-6, 8","CMP-08-10, CMP-18-19, CMP-24, CMP-27","Chapters 7-8, 10",07,Automated + human review
VI-PRV-07-002,Prove purpose and authority,"Every personal or sensitive-data operation MUST bind an authorized purpose, applicable Authority or consent basis, permitted processing, recipients, retention, and evidence.",personal and sensitive data,Purpose Owner,purpose-policy enforcement,purpose and authority decision,Critical,None,Constrain HAL,"Articles IX-X; Decisions 10, 30, 39-40, 45, 48, 55","Chapters 12, 14, 18, 24, 27, 29","Chapters 5-6, 8","CMP-08-10, CMP-18-19, CMP-24, CMP-27","Chapters 7-8, 10",07,Automated + human review
VI-PRV-07-003,Collect the minimum,"Collection MUST be limited to fields, precision, frequency, population, duration, and sources demonstrably necessary for the authorized purpose; convenience and possible future use are insufficient.",all collection,Privacy Steward,collection review and field gate,minimization assessment,Critical,Privacy Steward,Both,"Articles IX-X; Decisions 10, 30, 39-40, 45, 48, 55","Chapters 12, 14, 18, 24, 27, 29","Chapters 5-6, 8","CMP-08-10, CMP-18-19, CMP-24, CMP-27","Chapters 7-8, 10",07,Automated + human review
VI-PRV-07-004,Prevent incompatible reuse,"Data MUST NOT be reused, combined, enriched, modeled, or disclosed for a materially different purpose without a new valid authority and privacy assessment.",secondary use,Purpose Owner,purpose binding checks,reuse decision record,Critical,None,Constrain HAL,"Articles IX-X; Decisions 10, 30, 39-40, 45, 48, 55","Chapters 12, 14, 18, 24, 27, 29","Chapters 5-6, 8","CMP-08-10, CMP-18-19, CMP-24, CMP-27","Chapters 7-8, 10",07,Human review with recorded evidence
VI-PRV-07-005,Set enforceable retention,"Every data class MUST have an accountable retention rule, trigger, duration, legal or constitutional holds, archive behavior, backup treatment, and verifiable disposal path.",stored data,Retention Owner,retention controller,retention schedule,High,Privacy Steward,Both,"Articles IX-X; Decisions 10, 30, 39-40, 45, 48, 55","Chapters 12, 14, 18, 24, 27, 29","Chapters 5-6, 8","CMP-08-10, CMP-18-19, CMP-24, CMP-27","Chapters 7-8, 10",07,Automated + human review
VI-PRV-07-006,Honor deletion across derived stores,"Authorized deletion MUST address authoritative records, replicas, caches, indexes, embeddings, models where technically applicable, exports, and backups, while preserving required constitutional and incident accountability.",deletion requests,Retention Owner,deletion workflow and verification,deletion certificate,Critical,Privacy Steward,Both,"Articles IX-X; Decisions 10, 30, 39-40, 45, 48, 55","Chapters 12, 14, 18, 24, 27, 29","Chapters 5-6, 8","CMP-08-10, CMP-18-19, CMP-24, CMP-27","Chapters 7-8, 10",07,Human review with recorded evidence
VI-PRV-07-007,Provide confidentiality- and integrity-protected access and export,"Access or export MUST verify requester identity and Authority, obtain Permission for the exact subject and purpose, preserve provenance and context, use authenticated, confidentiality- and integrity-protected delivery, and prevent disclosure of others' rights or secrets.",access and export,Data Owner,request validation,access/export manifest,Critical,None,Both,"Articles IX-X; Decisions 10, 30, 39-40, 45, 48, 55","Chapters 12, 14, 18, 24, 27, 29","Chapters 5-6, 8","CMP-08-10, CMP-18-19, CMP-24, CMP-27","Chapters 7-8, 10",07,Automated + human review
VI-PRV-07-008,Minimize privacy evidence,"Privacy compliance evidence MUST prove the decision without unnecessarily reproducing sensitive content; access to evidence MUST itself be classified, authorized, logged, and reviewed.",privacy evidence,Evidence Custodian,redaction and access controls,minimized evidence manifest,High,Privacy Steward,Both,"Articles IX-X; Decisions 10, 30, 39-40, 45, 48, 55","Chapters 12, 14, 18, 24, 27, 29","Chapters 5-6, 8","CMP-08-10, CMP-18-19, CMP-24, CMP-27","Chapters 7-8, 10",07,Human review with recorded evidence
VI-PIN-08-001,Assess inference risk,"Systems that infer identity, traits, relationships, emotion, health, beliefs, vulnerability, location, or intent MUST document necessity, uncertainty, affected people, misuse paths, validation, disclosure, retention, and denial or appeal.",sensitive inference,Privacy Steward,privacy impact assessment,inference risk assessment,Critical,Security and Trust Executive,Both,"Articles IX-XII; Decisions 26, 30, 33-35, 45, 48, 55-57","Chapters 7, 12, 18, 27, 29, 34","Chapters 4-6, 8","CMP-05-10, CMP-18-19, CMP-27-29","Chapters 5, 7-8, 10",08,Human review with recorded evidence
VI-PIN-08-002,Do not promote inference to fact,"Inferred personal information MUST remain labeled with provenance, method, confidence, time, and contradiction; it MUST NOT be represented as observed fact or used beyond authorized purpose.",all inferences,Model Owner,data-model and output checks,inference record,Critical,None,Constrain HAL,"Articles IX-XII; Decisions 26, 30, 33-35, 45, 48, 55-57","Chapters 7, 12, 18, 27, 29, 34","Chapters 4-6, 8","CMP-05-10, CMP-18-19, CMP-27-29","Chapters 5, 7-8, 10",08,Human review with recorded evidence
VI-PIN-08-003,Prohibit covert expansion,"HAL MUST NOT increase observation, persistence, profiling, audience, or disclosure merely because a capability makes it possible; material expansion requires explicit authority and review.",sensitive processing changes,Privacy Steward,change impact gate,privacy change decision,Critical,None,Constrain HAL,"Articles IX-XII; Decisions 26, 30, 33-35, 45, 48, 55-57","Chapters 7, 12, 18, 27, 29, 34","Chapters 4-6, 8","CMP-05-10, CMP-18-19, CMP-27-29","Chapters 5, 7-8, 10",08,Automated + human review
VI-PIN-08-004,Preserve human dignity and agency,"Interfaces MUST make consequential collection, inference, disclosure, recording, and automated effects understandable and provide meaningful consent, correction, refusal, or escalation where constitutionally applicable.",human interactions,Human Interaction Owner,human-factors and privacy review,interaction assessment,Critical,Owner only for genuine value conflict,Constrain HAL,"Articles IX-XII; Decisions 26, 30, 33-35, 45, 48, 55-57","Chapters 7, 12, 18, 27, 29, 34","Chapters 4-6, 8","CMP-05-10, CMP-18-19, CMP-27-29","Chapters 5, 7-8, 10",08,Human review with recorded evidence
VI-PIN-08-005,Test privacy failure paths,"Privacy tests MUST cover wrong subject, overcollection, purpose drift, unauthorized audience, inference leakage, retention expiry, incomplete deletion, backup restore, cross-domain transfer, and evidence overexposure.",privacy-relevant systems,Independent Assessor,privacy test suite,privacy verification report,Critical,None,Both,"Articles IX-XII; Decisions 26, 30, 33-35, 45, 48, 55-57","Chapters 7, 12, 18, 27, 29, 34","Chapters 4-6, 8","CMP-05-10, CMP-18-19, CMP-27-29","Chapters 5, 7-8, 10",08,Human review with recorded evidence
VI-PIN-08-006,Detect privacy incidents,"Unauthorized, excessive, inaccurate, misleading, purpose-incompatible, retained-too-long, or improperly disclosed processing MUST enter the incident process even when no conventional security breach occurred.",all processing,Privacy Steward,privacy event detection,privacy incident record,High,None,Both,"Articles IX-XII; Decisions 26, 30, 33-35, 45, 48, 55-57","Chapters 7, 12, 18, 27, 29, 34","Chapters 4-6, 8","CMP-05-10, CMP-18-19, CMP-27-29","Chapters 5, 7-8, 10",08,Human review with recorded evidence
VI-PIN-08-007,Contain without destroying accountability,"Privacy incident containment MUST stop further harm, restrict access and exchange, preserve minimized evidence, identify affected data and people, and avoid deleting records needed for accountable investigation.",privacy incidents,Incident Commander,incident playbook,containment record,Critical,None,Both,"Articles IX-XII; Decisions 26, 30, 33-35, 45, 48, 55-57","Chapters 7, 12, 18, 27, 29, 34","Chapters 4-6, 8","CMP-05-10, CMP-18-19, CMP-27-29","Chapters 5, 7-8, 10",08,Human review with recorded evidence
VI-PIN-08-008,Remediate affected lifecycle paths,"Privacy remediation MUST address authoritative and derived stores, models, caches, backups, recipients, Treaties, purpose rules, access paths, and recurrence controls, with Book VIII reverification where claims were affected.",privacy incidents,Data Owner,remediation tracking,privacy recovery package,Critical,Privacy Steward,Both,"Articles IX-XII; Decisions 26, 30, 33-35, 45, 48, 55-57","Chapters 7, 12, 18, 27, 29, 34","Chapters 4-6, 8","CMP-05-10, CMP-18-19, CMP-27-29","Chapters 5, 7-8, 10",08,Human review with recorded evidence
VI-TRU-09-001,Classify every Trust Domain,"Every internal or external domain MUST have stable identity, owner, boundary, permitted purposes, data and capability scope, security and privacy assumptions, evidence, review cadence, and failure behavior.",all domains,Trust Steward,domain registry gate,Trust Domain record,Critical,Security and Trust Executive,Both,"Decisions 23, 26-27, 32, 35, 47, 54","Chapters 16-17, 19-20, 26, 33","Chapters 3, 5-6","CMP-17-21, CMP-24",Chapters 7-8,09,Automated + human review
VI-TRU-09-002,Keep trust distinct,"Trust Assessment MAY inform decisions but MUST NOT create Identity, Permission, Authority, capability, Treaty scope, or authoritative state; current Permission remains independently required.",all trust use,Trust Steward,negative authority tests,Trust Assessment and Permission Decision Record,Critical,None,Constrain HAL,"Decisions 23, 26-27, 32, 35, 47, 54","Chapters 16-17, 19-20, 26, 33","Chapters 3, 5-6","CMP-17-21, CMP-24",Chapters 7-8,09,Human review with recorded evidence
VI-TRU-09-003,Route cross-domain exchange through the Firewall,"Every cross-domain ingress and egress MUST traverse the Constitutional Firewall with authenticated domain identity, active applicable Treaty where required, current Authority, purpose, classification, minimization, provenance, and integrity checks.",cross-domain exchange,Constitutional Firewall Owner,Book IX gateway enforcement,Firewall decision and receipt,Critical,None,Both,"Decisions 23, 26-27, 32, 35, 47, 54","Chapters 16-17, 19-20, 26, 33","Chapters 3, 5-6","CMP-17-21, CMP-24",Chapters 7-8,09,Automated + human review
VI-TRU-09-004,Fail closed on missing boundary facts,"Absent, stale, ambiguous, unverifiable, expired, revoked, suspended, drifted, or incompatible domain, Treaty, Authority, schema, provenance, or integrity evidence MUST deny or quarantine the exchange.",uncertain exchanges,Constitutional Firewall Owner,denial policy and adversarial tests,denial or quarantine event,Critical,None,Both,"Decisions 23, 26-27, 32, 35, 47, 54","Chapters 16-17, 19-20, 26, 33","Chapters 3, 5-6","CMP-17-21, CMP-24",Chapters 7-8,09,Automated + human review
VI-TRU-09-005,Constrain returned data and effects,"Firewall egress and ingress MUST enforce permitted direction, purpose, fields, classification, volume, frequency, recipients, actions, retention, and downstream propagation.",all exchanges,Constitutional Firewall Owner,content and policy enforcement,exchange manifest,Critical,None,Constrain HAL,"Decisions 23, 26-27, 32, 35, 47, 54","Chapters 16-17, 19-20, 26, 33","Chapters 3, 5-6","CMP-17-21, CMP-24",Chapters 7-8,09,Automated + human review
VI-TRU-09-006,Preserve cross-domain provenance,"Accepted exchanges MUST retain source domain, identities, Treaty and Authority context, schema and contract versions, integrity, time confidence, transformations, and custody.",accepted exchanges,Evidence Custodian,Book IX envelope validation,provenance chain,High,None,Both,"Decisions 23, 26-27, 32, 35, 47, 54","Chapters 16-17, 19-20, 26, 33","Chapters 3, 5-6","CMP-17-21, CMP-24",Chapters 7-8,09,Automated + human review
VI-TRU-09-007,Monitor domain drift,"Control, ownership, identity, endpoint, jurisdiction, purpose, behavior, assurance, incident, or threat changes MUST trigger Trust Assessment and Treaty applicability review.",active domains,Domain Owner,drift monitoring,domain reassessment,High,Trust Steward,Both,"Decisions 23, 26-27, 32, 35, 47, 54","Chapters 16-17, 19-20, 26, 33","Chapters 3, 5-6","CMP-17-21, CMP-24",Chapters 7-8,09,Automated + human review
VI-TRU-09-008,Exercise boundary failure,"The program MUST test replay, substitution, downgrade, schema confusion, revoked Treaty, stale Authority, over-purpose, over-data, exfiltration, unavailable Firewall, and compromised counterparty scenarios.",external boundaries,Security Operations,adversarial gateway exercises,boundary exercise report,Critical,None,Both,"Decisions 23, 26-27, 32, 35, 47, 54","Chapters 16-17, 19-20, 26, 33","Chapters 3, 5-6","CMP-17-21, CMP-24",Chapters 7-8,09,Automated + human review
VI-TRT-10-001,Perform Treaty due diligence,"Before activation, the Treaty package MUST assess counterparty identity, ownership, purposes, data, capabilities, directions, controls, incidents, evidence, retention, deletion, jurisdiction, subcontractors, suspension, revocation, and exit.",proposed Treaties,Treaty Steward,due diligence gate,Treaty assessment package,Critical,None,Both,"Decisions 26, 47, 48, 54","Chapters 17, 20, 26, 33, 35","Chapters 5, 7-9","CMP-17, CMP-20-21",Chapters 7-8,10,Automated + human review
VI-TRT-10-002,Preserve Owner approval,"No certification, security review, counterparty assurance, contract signature, credential, or technical connectivity MAY substitute for the constitutionally required Owner approval of a Treaty or new Treaty class.",Treaties,Treaty Steward,Owner-approval reference gate,Owner Authorization Ceremony Record,Critical,Owner,Constrain HAL,"Decisions 26, 47, 48, 54","Chapters 17, 20, 26, 33, 35","Chapters 5, 7-9","CMP-17, CMP-20-21",Chapters 7-8,10,Automated + human review
VI-TRT-10-003,Activate exact approved versions,"Activation MUST bind the exact signed Treaty version, parties, domains, purposes, data classes, capabilities, directions, constraints, effective time, expiry, and Firewall policy; drift MUST block activation.",Treaty activation,Constitutional Firewall Owner,Book IX contract and policy gate,activation record,Critical,None,Both,"Decisions 26, 47, 48, 54","Chapters 17, 20, 26, 33, 35","Chapters 5, 7-9","CMP-17, CMP-20-21",Chapters 7-8,10,Automated + human review
VI-TRT-10-004,Monitor Treaty obligations,"Active Treaties MUST be monitored for expiry, permitted-use compliance, volume, recipients, incidents, assurance validity, retention, deletion, downstream sharing, and counterparty change.",active Treaties,Treaty Steward,continuous monitoring,Treaty monitoring evidence,High,Security and Trust Executive,Both,"Decisions 26, 47, 48, 54","Chapters 17, 20, 26, 33, 35","Chapters 5, 7-9","CMP-17, CMP-20-21",Chapters 7-8,10,Automated + human review
VI-TRT-10-005,Suspend on material uncertainty,"Material incident, assurance loss, identity doubt, policy drift, contract mismatch, noncompliance, or revocation unreachability MUST suspend affected exchange pending review.",active Treaties,Incident Commander,automatic and manual suspension,suspension record and receipts,Critical,None,Both,"Decisions 26, 47, 48, 54","Chapters 17, 20, 26, 33, 35","Chapters 5, 7-9","CMP-17, CMP-20-21",Chapters 7-8,10,Human review with recorded evidence
VI-TRT-10-006,Revoke comprehensively,"Revocation MUST stop new exchange, handle in-flight actions, invalidate cached permissions, quarantine affected data, notify authorized parties, preserve evidence, and evaluate dependent capabilities and certifications.",revoked Treaties,Treaty Steward,Book IX revocation workflow,revocation manifest,Critical,None,Both,"Decisions 26, 47, 48, 54","Chapters 17, 20, 26, 33, 35","Chapters 5, 7-9","CMP-17, CMP-20-21",Chapters 7-8,10,Human review with recorded evidence
VI-TRT-10-007,Control subcontractors and fourth parties,"A third party MUST NOT extend access, data, capability, or processing to another domain unless the Treaty explicitly permits it and equivalent identity, security, privacy, evidence, and revocation controls are verified.",third-party chains,Third-Party Risk Owner,relationship and exchange review,downstream party register,Critical,Owner if Treaty scope changes,Both,"Decisions 26, 47, 48, 54","Chapters 17, 20, 26, 33, 35","Chapters 5, 7-9","CMP-17, CMP-20-21",Chapters 7-8,10,Human review with recorded evidence
VI-TRT-10-008,Exit safely,"Treaty expiry or termination MUST define return or deletion, retained evidence, credential and endpoint revocation, data quarantine, unresolved transactions, continuity, disputes, and post-exit verification.",Treaty exit,Treaty Steward,exit checklist and receipts,exit evidence package,High,Security and Trust Executive,Both,"Decisions 26, 47, 48, 54","Chapters 17, 20, 26, 33, 35","Chapters 5, 7-9","CMP-17, CMP-20-21",Chapters 7-8,10,Human review with recorded evidence
VI-DET-11-001,Emit incident-relevant events,"Identity, Authority, policy, privilege, secret, key, build, vulnerability, Firewall, Treaty, data, configuration, integrity, evidence, and recovery controls MUST emit structured success, denial, anomaly, and failure events.",critical controls,Observability Owner,Book IX event conformance,event records,Critical,None,Both,"Decisions 26, 28, 40-42","Chapters 28, 31-33","Chapters 4-6, 8","CMP-18, CMP-24-26",Chapters 7-9,11,Human review with recorded evidence
VI-DET-11-002,Use canonical telemetry context,"Events MUST carry the applicable Book IX identity, correlation, causation, time, provenance, classification, integrity, contract/schema version, and optional Authority and Treaty context; missing critical context MUST reduce trust.",all security telemetry,Observability Owner,schema validation,validated event stream,High,None,Both,"Decisions 26, 28, 40-42","Chapters 28, 31-33","Chapters 4-6, 8","CMP-18, CMP-24-26",Chapters 7-9,11,Automated + human review
VI-DET-11-003,Minimize and protect telemetry,"Telemetry MUST exclude secrets and unnecessary sensitive content, apply field protection and access controls, use declared retention, and preserve sufficient evidence to reconstruct protected actions.",all telemetry,Privacy Steward,logging policy and scans,telemetry data inventory,Critical,None,Both,"Decisions 26, 28, 40-42","Chapters 28, 31-33","Chapters 4-6, 8","CMP-18, CMP-24-26",Chapters 7-9,11,Automated + human review
VI-DET-11-004,Detect authority violations separately,"Detection content MUST identify attempted or actual excess Authority, stale delegation, bypassed Kernel or Firewall, foreign state mutation, and unauthorized Reality Boundary effects separately from compromise indicators.",authority paths,Detection Engineering Owner,authority-focused rules and tests,authority incident alert,Critical,None,Constrain HAL,"Decisions 26, 28, 40-42","Chapters 28, 31-33","Chapters 4-6, 8","CMP-18, CMP-24-26",Chapters 7-9,11,Human review with recorded evidence
VI-DET-11-005,Validate detection quality,"Critical detections MUST have test cases, required sources, expected latency, false-negative and false-positive review, owner, runbook, evidence links, and behavior for missing telemetry.",critical detections,Detection Engineering Owner,detection CI and exercises,detection validation record,High,Security and Trust Executive,Both,"Decisions 26, 28, 40-42","Chapters 28, 31-33","Chapters 4-6, 8","CMP-18, CMP-24-26",Chapters 7-9,11,Human review with recorded evidence
VI-DET-11-006,Triage by consequence,"Triage MUST assess constitutional impact, Authority, protected state, privacy, Trust Domain, Treaty, blast radius, persistence, evidence integrity, and recovery—not just technical severity.",all alerts,Security Operations,triage workflow,triage record,Critical,None,Both,"Decisions 26, 28, 40-42","Chapters 28, 31-33","Chapters 4-6, 8","CMP-18, CMP-24-26",Chapters 7-9,11,Human review with recorded evidence
VI-DET-11-007,Protect evidence pipelines,"Critical event collection MUST be tamper-evident, access-controlled, time-aware, resilient, independently monitored, and incapable of being silently disabled by the observed component.",critical telemetry,Evidence Custodian,pipeline integrity monitoring,pipeline attestation,Critical,None,Protect HAL,"Decisions 26, 28, 40-42","Chapters 28, 31-33","Chapters 4-6, 8","CMP-18, CMP-24-26",Chapters 7-9,11,Automated + human review
VI-DET-11-008,Measure coverage honestly,"Coverage metrics MUST identify unmonitored assets, stale rules, missing fields, collection gaps, delayed events, untested scenarios, and blind spots; aggregate alert volume MUST NOT serve as assurance.",detection program,Detection Engineering Owner,coverage reconciliation,detection coverage report,High,Risk Steward,Both,"Decisions 26, 28, 40-42","Chapters 28, 31-33","Chapters 4-6, 8","CMP-18, CMP-24-26",Chapters 7-9,11,Human review with recorded evidence
VI-INC-12-001,Declare incidents by consequence,"Events MUST be declared incidents when credible impact involves constitutional invariants, Authority, identity, protected state, sensitive data, Trust Domains, Treaties, evidence, or continuity, even if technical certainty is incomplete.",suspected incidents,Incident Commander,incident criteria and escalation,incident declaration,Critical,None,Both,"Decisions 22, 26, 28, 40, 42-43, 47","Chapters 2, 18, 20, 28, 31-33",Chapters 5-9,"CMP-18-21, CMP-24-26",Chapters 7-9,12,Human review with recorded evidence
VI-INC-12-002,Establish one incident command,"Each incident MUST have one accountable Incident Commander, scope, objectives, decision log, roles, communication channels, evidence custodian, status cadence, and transfer procedure.",all incidents,Incident Commander,incident management workflow,incident record,High,Security and Trust Executive,Both,"Decisions 22, 26, 28, 40, 42-43, 47","Chapters 2, 18, 20, 28, 31-33",Chapters 5-9,"CMP-18-21, CMP-24-26",Chapters 7-9,12,Human review with recorded evidence
VI-INC-12-003,Contain proportionately,"Containment MUST prioritize human safety, constitutional invariants, Owner access, Authority restriction, privacy, evidence, and blast-radius reduction; it MUST document intended and collateral effects.",all incidents,Incident Commander,containment approval and monitoring,containment decision record,Critical,Incident Commander,Both,"Decisions 22, 26, 28, 40, 42-43, 47","Chapters 2, 18, 20, 28, 31-33",Chapters 5-9,"CMP-18-21, CMP-24-26",Chapters 7-9,12,Automated + human review
VI-INC-12-004,Preserve chain of custody,"Investigation evidence MUST record identity, source, time and confidence, collection method, digest, classification, custody, access, transformations, analysis, and disposition; originals MUST be preserved where feasible.",all investigations,Evidence Custodian,evidence tooling and review,chain-of-custody record,Critical,None,Protect HAL,"Decisions 22, 26, 28, 40, 42-43, 47","Chapters 2, 18, 20, 28, 31-33",Chapters 5-9,"CMP-18-21, CMP-24-26",Chapters 7-9,12,Human review with recorded evidence
VI-INC-12-005,Separate facts from hypotheses,"Investigations MUST distinguish observed facts, reported claims, analytical hypotheses, confidence, contradictions, unknowns, and decisions; later findings MUST supersede rather than rewrite history.",all investigations,Security Operations,case record schema,investigation timeline,High,None,Both,"Decisions 22, 26, 28, 40, 42-43, 47","Chapters 2, 18, 20, 28, 31-33",Chapters 5-9,"CMP-18-21, CMP-24-26",Chapters 7-9,12,Human review with recorded evidence
VI-INC-12-006,Coordinate privacy and trust response,"Incidents involving personal data or external domains MUST engage Privacy and Trust Stewards, enforce Treaty duties, minimize shared evidence, and coordinate suspension, notification, and remediation.",privacy/trust incidents,Incident Commander,stakeholder and Treaty gate,coordination record,Critical,None,Both,"Decisions 22, 26, 28, 40, 42-43, 47","Chapters 2, 18, 20, 28, 31-33",Chapters 5-9,"CMP-18-21, CMP-24-26",Chapters 7-9,12,Automated + human review
VI-INC-12-007,Notify with verified scope,"Notifications MUST be timely, authorized, accurate about known and unknown facts, purpose-limited, privacy-minimized, updateable, and linked to applicable Treaty, legal, operational, and governance duties.",notifiable incidents,Incident Commander,notification review,notification record,High,Security and Trust Executive,Both,"Decisions 22, 26, 28, 40, 42-43, 47","Chapters 2, 18, 20, 28, 31-33",Chapters 5-9,"CMP-18-21, CMP-24-26",Chapters 7-9,12,Human review with recorded evidence
VI-INC-12-008,Prevent incident authority expansion,"Emergency status MUST NOT grant undeclared strategic authority, alter constitutional invariants, create Treaties or capabilities, or permit unrestricted access; emergency powers MUST be explicit and expire.",emergencies,Incident Commander,emergency authority checks,emergency authority record,Critical,Owner for constitutional matters,Constrain HAL,"Decisions 22, 26, 28, 40, 42-43, 47","Chapters 2, 18, 20, 28, 31-33",Chapters 5-9,"CMP-18-21, CMP-24-26",Chapters 7-9,12,Human review with recorded evidence
VI-ASR-13-001,Recover from independently verified foundations,"Compromise recovery MUST re-establish measured hardware or host integrity, immutable identity, current Authority, protected configuration, verified artifacts, evidence integrity, and authoritative state before restoring capability.",compromise recovery,Recovery Coordinator,recovery admission gate,Recovery Admission Record,Critical,None,Both,"Decisions 22, 26, 40, 42-44, 47, 58","Chapters 2, 28, 30-33, 35",Chapters 6-9,"CMP-15-18, CMP-24-26",Chapters 7-9,13,Automated + human review
VI-ASR-13-002,Scope eradication to dependencies,"Eradication MUST address persistence, credentials, keys, images, builds, dependencies, policies, data, peers, Treaties, caches, backups, and compromised evidence—not only the initially affected host.",confirmed compromise,Recovery Coordinator,dependency impact checklist,eradication evidence,Critical,None,Protect HAL,"Decisions 22, 26, 40, 42-44, 47, 58","Chapters 2, 28, 30-33, 35",Chapters 6-9,"CMP-15-18, CMP-24-26",Chapters 7-9,13,Human review with recorded evidence
VI-ASR-13-003,Require post-recovery verification,"Restored systems MUST complete risk-based Book VIII verification, including containment, authority paths, privacy, trust boundaries, recovery invariants, and regression, before protected work resumes.",restored systems,Certification Liaison,verification admission status,Book VIII result reference,Critical,None,Both,"Decisions 22, 26, 40, 42-44, 47, 58","Chapters 2, 28, 30-33, 35",Chapters 6-9,"CMP-15-18, CMP-24-26",Chapters 7-9,13,Human review with recorded evidence
VI-ASR-13-004,Authorize offensive testing,"Penetration tests and red teams MUST have written scope, targets, time, allowed techniques, data handling, safety boundaries, stop authority, escalation, evidence, and cleanup before execution.",offensive tests,Red Team Lead,rules-of-engagement gate,signed engagement plan,Critical,Security and Trust Executive,Protect HAL,"Decisions 22, 26, 40, 42-44, 47, 58","Chapters 2, 28, 30-33, 35",Chapters 6-9,"CMP-15-18, CMP-24-26",Chapters 7-9,13,Automated + human review
VI-ASR-13-005,Test both attacker and overreach paths,"Adversarial work MUST test compromise of HAL and misuse or excess of HAL Authority, including stale delegation, trust confusion, Treaty bypass, evidence suppression, and unauthorized external effect.",high-risk systems,Security Assessor,scenario coverage review,adversarial assessment,Critical,None,Both,"Decisions 22, 26, 40, 42-44, 47, 58","Chapters 2, 28, 30-33, 35",Chapters 6-9,"CMP-15-18, CMP-24-26",Chapters 7-9,13,Human review with recorded evidence
VI-ASR-13-006,Remediate findings with independent closure,"Offensive and audit findings MUST enter the common risk process and close only after deployed remediation, independent retest, residual-risk decision, and affected-assurance review.",all findings,Security Assessor,finding workflow,retest and closure record,High,Risk Steward,Both,"Decisions 22, 26, 40, 42-44, 47, 58","Chapters 2, 28, 30-33, 35",Chapters 6-9,"CMP-15-18, CMP-24-26",Chapters 7-9,13,Human review with recorded evidence
VI-ASR-13-007,Prepare auditable evidence,"Audit packages MUST state scope, criteria, sources, sampling, limitations, control owners, evidence locations, access decisions, exceptions, findings, remediation, and unresolved risk without fabricating assurance.",audits,Audit Lead,audit readiness review,audit evidence manifest,High,Security and Trust Executive,Both,"Decisions 22, 26, 40, 42-44, 47, 58","Chapters 2, 28, 30-33, 35",Chapters 6-9,"CMP-15-18, CMP-24-26",Chapters 7-9,13,Human review with recorded evidence
VI-ASR-13-008,Supply but do not issue certification,"Book VI MUST supply security, privacy, trust, incident, recovery, and control-effectiveness evidence to Book VIII; Book VI roles MUST NOT issue or redefine certification unless separately authorized there.",certification inputs,Certification Liaison,Book VIII reconciliation gate,assurance evidence package,Critical,None,Constrain HAL,"Decisions 22, 26, 40, 42-44, 47, 58","Chapters 2, 28, 30-33, 35",Chapters 6-9,"CMP-15-18, CMP-24-26",Chapters 7-9,13,Automated + human review
VI-CON-14-001,Measure outcomes and control health,"Metrics MUST cover prevention, detection, containment, recovery, authority denials, privacy outcomes, trust-boundary enforcement, evidence quality, exceptions, remediation, and recurrence.",program metrics,Metrics Owner,metric definition review,metrics catalog and reports,High,Security and Trust Executive,Both,"Articles XI-XIV; Decisions 22, 26, 28, 40, 58","Chapters 28, 31-35",Chapters 4-9,"CMP-15, CMP-18, CMP-24-29",Chapters 7-10,14,Human review with recorded evidence
VI-CON-14-002,Prevent vanity metrics,"Alert count, patch count, scan count, training completion, coverage percentage, or audit completion MUST NOT alone demonstrate effective risk reduction or constitutional conformance.",all reporting,Metrics Owner,report review,metric interpretation record,High,Risk Steward,Both,"Articles XI-XIV; Decisions 22, 26, 28, 40, 58","Chapters 28, 31-35",Chapters 4-9,"CMP-15, CMP-18, CMP-24-29",Chapters 7-10,14,Human review with recorded evidence
VI-CON-14-003,Track leading and lagging signals,"Each critical risk MUST have outcome, control-effectiveness, exposure, evidence-freshness, and failure signals with owners, thresholds, cadence, and response.",critical risks,Control Owner,risk-to-metric mapping,risk monitoring record,High,Security and Trust Executive,Both,"Articles XI-XIV; Decisions 22, 26, 28, 40, 58","Chapters 28, 31-35",Chapters 4-9,"CMP-15, CMP-18, CMP-24-29",Chapters 7-10,14,Human review with recorded evidence
VI-CON-14-004,Learn without rewriting history,"Improvements MUST preserve prior incidents, findings, decisions, exceptions, evidence, and dissent; updated understanding MUST be versioned and linked to outcomes.",all improvements,Control Owner,append-only records,improvement decision,High,None,Both,"Articles XI-XIV; Decisions 22, 26, 28, 40, 58","Chapters 28, 31-35",Chapters 4-9,"CMP-15, CMP-18, CMP-24-29",Chapters 7-10,14,Human review with recorded evidence
VI-CON-14-005,Reconcile Book IX contracts,"Security events, Authority context, Treaty exchange, Firewall decisions, errors, schemas, and protocol behaviors MUST map to final Book IX identifiers and MUST NOT invent alternate wire contracts.",interface controls,Book IX Liaison,contract reconciliation check,Book IX mapping register,Critical,None,Both,"Articles XI-XIV; Decisions 22, 26, 28, 40, 58","Chapters 28, 31-35",Chapters 4-9,"CMP-15, CMP-18, CMP-24-29",Chapters 7-10,14,Human review with recorded evidence
VI-CON-14-006,Reconcile Book VIII assurance,"Control tests, incidents, penetration results, privacy assessments, Treaty evidence, recovery, and continuous signals MUST map into Book VIII claims, evidence, certification status, and recertification triggers.",assurance inputs,Book VIII Liaison,assurance reconciliation check,Book VIII mapping register,Critical,None,Both,"Articles XI-XIV; Decisions 22, 26, 28, 40, 58","Chapters 28, 31-35",Chapters 4-9,"CMP-15, CMP-18, CMP-24-29",Chapters 7-10,14,Human review with recorded evidence
VI-CON-14-007,Review the program periodically,"At least annually and after material incidents or canon changes, an independent review MUST assess source fidelity, control effectiveness, gaps, burden, exceptions, evidence, roles, metrics, and needed revisions.",program,Independent Assessor,review calendar and gate,program review report,High,Security and Trust Executive,Both,"Articles XI-XIV; Decisions 22, 26, 28, 40, 58","Chapters 28, 31-35",Chapters 4-9,"CMP-15, CMP-18, CMP-24-29",Chapters 7-10,14,Automated + human review
VI-CON-14-008,Certify Book VI conformance honestly,"Book VI conformance MAY be declared only when mandatory controls are mapped, applicable evidence is current, critical failures are resolved or operation is constrained, reconciliations are current, and no contradiction remains.",Book VI conformance,Security and Trust Executive,certification checklist,Book VI certification report,Critical,None,Both,"Articles XI-XIV; Decisions 22, 26, 28, 40, 58","Chapters 28, 31-35",Chapters 4-9,"CMP-15, CMP-18, CMP-24-29",Chapters 7-10,14,Human review with recorded evidence
