contract_id,interface_id,component_id,kind,name,provider,consumers,route,schema_id,security_profile,delivery_profile,status
IX-C-0001,CMP-01-IF-01,CMP-01,Command,Evaluate Protected Action,Constitutional Kernel,Authorized HAL components and operators with declared need,/hal/v1/cmp-01/evaluate-protected-action,urn:hal:book-ix:ix-c-0001:1.0,HAL-Internal-Authority-v1,Command-Idempotent-v1,FINAL
IX-C-0002,CMP-01-IF-02,CMP-01,Command,Commit Protected Mutation,Constitutional Kernel,Authorized HAL components and operators with declared need,/hal/v1/cmp-01/commit-protected-mutation,urn:hal:book-ix:ix-c-0002:1.0,HAL-Internal-Authority-v1,Command-Idempotent-v1,FINAL
IX-C-0003,CMP-01-IF-03,CMP-01,Command,Validate Owner Authorization,Constitutional Kernel,Authorized HAL components and operators with declared need,/hal/v1/cmp-01/validate-owner-authorization,urn:hal:book-ix:ix-c-0003:1.0,HAL-Internal-Authority-v1,Command-Idempotent-v1,FINAL
IX-C-0004,CMP-01-IF-04,CMP-01,Command,Admit Constitutional Recovery,Constitutional Kernel,Authorized HAL components and operators with declared need,/hal/v1/cmp-01/admit-constitutional-recovery,urn:hal:book-ix:ix-c-0004:1.0,HAL-Internal-Authority-v1,Command-Idempotent-v1,FINAL
IX-C-0005,CMP-01-IF-05,CMP-01,Query,Get Constitutional State,Constitutional Kernel,Authorized HAL components and operators with declared need,/hal/v1/cmp-01/get-constitutional-state,urn:hal:book-ix:ix-c-0005:1.0,HAL-Internal-Authority-v1,Query-Bounded-v1,FINAL
IX-C-0006,CMP-01-IF-06,CMP-01,Query,Get Protected Decision,Constitutional Kernel,Authorized HAL components and operators with declared need,/hal/v1/cmp-01/get-protected-decision,urn:hal:book-ix:ix-c-0006:1.0,HAL-Internal-Authority-v1,Query-Bounded-v1,FINAL
IX-C-0007,CMP-01-IF-07,CMP-01,Event,Protected Action Admitted,Constitutional Kernel,Authorized HAL components and operators with declared need,/hal/v1/cmp-01/protected-action-admitted,urn:hal:book-ix:ix-c-0007:1.0,HAL-Internal-Authority-v1,Event-AtLeastOnce-v1,FINAL
IX-C-0008,CMP-01-IF-08,CMP-01,Event,Protected Action Denied,Constitutional Kernel,Authorized HAL components and operators with declared need,/hal/v1/cmp-01/protected-action-denied,urn:hal:book-ix:ix-c-0008:1.0,HAL-Internal-Authority-v1,Event-AtLeastOnce-v1,FINAL
IX-C-0009,CMP-01-IF-09,CMP-01,Event,Constitutional Mode Changed,Constitutional Kernel,Authorized HAL components and operators with declared need,/hal/v1/cmp-01/constitutional-mode-changed,urn:hal:book-ix:ix-c-0009:1.0,HAL-Internal-Authority-v1,Event-AtLeastOnce-v1,FINAL
IX-C-0010,CMP-02-IF-01,CMP-02,Command,Create Identity,Identity and Continuity Service,Authorized HAL components and operators with declared need,/hal/v1/cmp-02/create-identity,urn:hal:book-ix:ix-c-0010:1.0,HAL-Internal-Authority-v1,Command-Idempotent-v1,FINAL
IX-C-0011,CMP-02-IF-02,CMP-02,Command,Bind Identifier,Identity and Continuity Service,Authorized HAL components and operators with declared need,/hal/v1/cmp-02/bind-identifier,urn:hal:book-ix:ix-c-0011:1.0,HAL-Internal-Authority-v1,Command-Idempotent-v1,FINAL
IX-C-0012,CMP-02-IF-03,CMP-02,Command,Suspend Identity,Identity and Continuity Service,Authorized HAL components and operators with declared need,/hal/v1/cmp-02/suspend-identity,urn:hal:book-ix:ix-c-0012:1.0,HAL-Internal-Authority-v1,Command-Idempotent-v1,FINAL
IX-C-0013,CMP-02-IF-04,CMP-02,Command,Reconcile Continuity,Identity and Continuity Service,Authorized HAL components and operators with declared need,/hal/v1/cmp-02/reconcile-continuity,urn:hal:book-ix:ix-c-0013:1.0,HAL-Internal-Authority-v1,Command-Idempotent-v1,FINAL
IX-C-0014,CMP-02-IF-05,CMP-02,Query,Resolve Identity,Identity and Continuity Service,Authorized HAL components and operators with declared need,/hal/v1/cmp-02/resolve-identity,urn:hal:book-ix:ix-c-0014:1.0,HAL-Internal-Authority-v1,Query-Bounded-v1,FINAL
IX-C-0015,CMP-02-IF-06,CMP-02,Query,Get Continuity Lineage,Identity and Continuity Service,Authorized HAL components and operators with declared need,/hal/v1/cmp-02/get-continuity-lineage,urn:hal:book-ix:ix-c-0015:1.0,HAL-Internal-Authority-v1,Query-Bounded-v1,FINAL
IX-C-0016,CMP-02-IF-07,CMP-02,Query,Get Authentication Context,Identity and Continuity Service,Authorized HAL components and operators with declared need,/hal/v1/cmp-02/get-authentication-context,urn:hal:book-ix:ix-c-0016:1.0,HAL-Internal-Authority-v1,Query-Bounded-v1,FINAL
IX-C-0017,CMP-02-IF-08,CMP-02,Event,Identity Created,Identity and Continuity Service,Authorized HAL components and operators with declared need,/hal/v1/cmp-02/identity-created,urn:hal:book-ix:ix-c-0017:1.0,HAL-Internal-Authority-v1,Event-AtLeastOnce-v1,FINAL
IX-C-0018,CMP-02-IF-09,CMP-02,Event,Identity Suspended,Identity and Continuity Service,Authorized HAL components and operators with declared need,/hal/v1/cmp-02/identity-suspended,urn:hal:book-ix:ix-c-0018:1.0,HAL-Internal-Authority-v1,Event-AtLeastOnce-v1,FINAL
IX-C-0019,CMP-02-IF-10,CMP-02,Event,Continuity Reconciled,Identity and Continuity Service,Authorized HAL components and operators with declared need,/hal/v1/cmp-02/continuity-reconciled,urn:hal:book-ix:ix-c-0019:1.0,HAL-Internal-Authority-v1,Event-AtLeastOnce-v1,FINAL
IX-C-0020,CMP-03-IF-01,CMP-03,Command,Grant Delegation,Authority and Delegation Service,Authorized HAL components and operators with declared need,/hal/v1/cmp-03/grant-delegation,urn:hal:book-ix:ix-c-0020:1.0,HAL-Internal-Authority-v1,Command-Idempotent-v1,FINAL
IX-C-0021,CMP-03-IF-02,CMP-03,Command,Revoke Delegation,Authority and Delegation Service,Authorized HAL components and operators with declared need,/hal/v1/cmp-03/revoke-delegation,urn:hal:book-ix:ix-c-0021:1.0,HAL-Internal-Authority-v1,Command-Idempotent-v1,FINAL
IX-C-0022,CMP-03-IF-03,CMP-03,Command,Evaluate Permission,Authority and Delegation Service,Authorized HAL components and operators with declared need,/hal/v1/cmp-03/evaluate-permission,urn:hal:book-ix:ix-c-0022:1.0,HAL-Internal-Authority-v1,Command-Idempotent-v1,FINAL
IX-C-0023,CMP-03-IF-04,CMP-03,Command,Expire Delegation,Authority and Delegation Service,Authorized HAL components and operators with declared need,/hal/v1/cmp-03/expire-delegation,urn:hal:book-ix:ix-c-0023:1.0,HAL-Internal-Authority-v1,Command-Idempotent-v1,FINAL
IX-C-0024,CMP-03-IF-05,CMP-03,Query,Get Effective Authority,Authority and Delegation Service,Authorized HAL components and operators with declared need,/hal/v1/cmp-03/get-effective-authority,urn:hal:book-ix:ix-c-0024:1.0,HAL-Internal-Authority-v1,Query-Bounded-v1,FINAL
IX-C-0025,CMP-03-IF-06,CMP-03,Query,Explain Policy Decision,Authority and Delegation Service,Authorized HAL components and operators with declared need,/hal/v1/cmp-03/explain-policy-decision,urn:hal:book-ix:ix-c-0025:1.0,HAL-Internal-Authority-v1,Query-Bounded-v1,FINAL
IX-C-0026,CMP-03-IF-07,CMP-03,Query,List Active Delegations,Authority and Delegation Service,Authorized HAL components and operators with declared need,/hal/v1/cmp-03/list-active-delegations,urn:hal:book-ix:ix-c-0026:1.0,HAL-Internal-Authority-v1,Query-Bounded-v1,FINAL
IX-C-0027,CMP-03-IF-08,CMP-03,Event,Delegation Activated,Authority and Delegation Service,Authorized HAL components and operators with declared need,/hal/v1/cmp-03/delegation-activated,urn:hal:book-ix:ix-c-0027:1.0,HAL-Internal-Authority-v1,Event-AtLeastOnce-v1,FINAL
IX-C-0028,CMP-03-IF-09,CMP-03,Event,Delegation Revoked,Authority and Delegation Service,Authorized HAL components and operators with declared need,/hal/v1/cmp-03/delegation-revoked,urn:hal:book-ix:ix-c-0028:1.0,HAL-Internal-Authority-v1,Event-AtLeastOnce-v1,FINAL
IX-C-0029,CMP-03-IF-10,CMP-03,Event,Permission Decided,Authority and Delegation Service,Authorized HAL components and operators with declared need,/hal/v1/cmp-03/permission-decided,urn:hal:book-ix:ix-c-0029:1.0,HAL-Internal-Authority-v1,Event-AtLeastOnce-v1,FINAL
IX-C-0030,CMP-04-IF-01,CMP-04,Command,Register Intent,Intent Service,Authorized HAL components and operators with declared need,/hal/v1/cmp-04/register-intent,urn:hal:book-ix:ix-c-0030:1.0,HAL-Internal-Authority-v1,Command-Idempotent-v1,FINAL
IX-C-0031,CMP-04-IF-02,CMP-04,Command,Revise Intent,Intent Service,Authorized HAL components and operators with declared need,/hal/v1/cmp-04/revise-intent,urn:hal:book-ix:ix-c-0031:1.0,HAL-Internal-Authority-v1,Command-Idempotent-v1,FINAL
IX-C-0032,CMP-04-IF-03,CMP-04,Command,Decompose Goal,Intent Service,Authorized HAL components and operators with declared need,/hal/v1/cmp-04/decompose-goal,urn:hal:book-ix:ix-c-0032:1.0,HAL-Internal-Authority-v1,Command-Idempotent-v1,FINAL
IX-C-0033,CMP-04-IF-04,CMP-04,Command,Retire Intent,Intent Service,Authorized HAL components and operators with declared need,/hal/v1/cmp-04/retire-intent,urn:hal:book-ix:ix-c-0033:1.0,HAL-Internal-Authority-v1,Command-Idempotent-v1,FINAL
IX-C-0034,CMP-04-IF-05,CMP-04,Query,Get Intent Graph,Intent Service,Authorized HAL components and operators with declared need,/hal/v1/cmp-04/get-intent-graph,urn:hal:book-ix:ix-c-0034:1.0,HAL-Internal-Authority-v1,Query-Bounded-v1,FINAL
IX-C-0035,CMP-04-IF-06,CMP-04,Query,Trace Objective,Intent Service,Authorized HAL components and operators with declared need,/hal/v1/cmp-04/trace-objective,urn:hal:book-ix:ix-c-0035:1.0,HAL-Internal-Authority-v1,Query-Bounded-v1,FINAL
IX-C-0036,CMP-04-IF-07,CMP-04,Query,List Outcome Criteria,Intent Service,Authorized HAL components and operators with declared need,/hal/v1/cmp-04/list-outcome-criteria,urn:hal:book-ix:ix-c-0036:1.0,HAL-Internal-Authority-v1,Query-Bounded-v1,FINAL
IX-C-0037,CMP-04-IF-08,CMP-04,Event,Intent Registered,Intent Service,Authorized HAL components and operators with declared need,/hal/v1/cmp-04/intent-registered,urn:hal:book-ix:ix-c-0037:1.0,HAL-Internal-Authority-v1,Event-AtLeastOnce-v1,FINAL
IX-C-0038,CMP-04-IF-09,CMP-04,Event,Intent Revised,Intent Service,Authorized HAL components and operators with declared need,/hal/v1/cmp-04/intent-revised,urn:hal:book-ix:ix-c-0038:1.0,HAL-Internal-Authority-v1,Event-AtLeastOnce-v1,FINAL
IX-C-0039,CMP-04-IF-10,CMP-04,Event,Objective Retired,Intent Service,Authorized HAL components and operators with declared need,/hal/v1/cmp-04/objective-retired,urn:hal:book-ix:ix-c-0039:1.0,HAL-Internal-Authority-v1,Event-AtLeastOnce-v1,FINAL
IX-C-0040,CMP-05-IF-01,CMP-05,Command,Start Orchestration,Cognitive Orchestrator,Authorized HAL components and operators with declared need,/hal/v1/cmp-05/start-orchestration,urn:hal:book-ix:ix-c-0040:1.0,HAL-Internal-Authority-v1,Command-Idempotent-v1,FINAL
IX-C-0041,CMP-05-IF-02,CMP-05,Command,Advance Execution Graph,Cognitive Orchestrator,Authorized HAL components and operators with declared need,/hal/v1/cmp-05/advance-execution-graph,urn:hal:book-ix:ix-c-0041:1.0,HAL-Internal-Authority-v1,Command-Idempotent-v1,FINAL
IX-C-0042,CMP-05-IF-03,CMP-05,Command,Cancel Run,Cognitive Orchestrator,Authorized HAL components and operators with declared need,/hal/v1/cmp-05/cancel-run,urn:hal:book-ix:ix-c-0042:1.0,HAL-Internal-Authority-v1,Command-Idempotent-v1,FINAL
IX-C-0043,CMP-05-IF-04,CMP-05,Command,Request Provider Work,Cognitive Orchestrator,Authorized HAL components and operators with declared need,/hal/v1/cmp-05/request-provider-work,urn:hal:book-ix:ix-c-0043:1.0,HAL-Internal-Authority-v1,Command-Idempotent-v1,FINAL
IX-C-0044,CMP-05-IF-05,CMP-05,Query,Get Run State,Cognitive Orchestrator,Authorized HAL components and operators with declared need,/hal/v1/cmp-05/get-run-state,urn:hal:book-ix:ix-c-0044:1.0,HAL-Internal-Authority-v1,Query-Bounded-v1,FINAL
IX-C-0045,CMP-05-IF-06,CMP-05,Query,Explain Routing,Cognitive Orchestrator,Authorized HAL components and operators with declared need,/hal/v1/cmp-05/explain-routing,urn:hal:book-ix:ix-c-0045:1.0,HAL-Internal-Authority-v1,Query-Bounded-v1,FINAL
IX-C-0046,CMP-05-IF-07,CMP-05,Query,Get Execution Graph,Cognitive Orchestrator,Authorized HAL components and operators with declared need,/hal/v1/cmp-05/get-execution-graph,urn:hal:book-ix:ix-c-0046:1.0,HAL-Internal-Authority-v1,Query-Bounded-v1,FINAL
IX-C-0047,CMP-05-IF-08,CMP-05,Event,Run Started,Cognitive Orchestrator,Authorized HAL components and operators with declared need,/hal/v1/cmp-05/run-started,urn:hal:book-ix:ix-c-0047:1.0,HAL-Internal-Authority-v1,Event-AtLeastOnce-v1,FINAL
IX-C-0048,CMP-05-IF-09,CMP-05,Event,Node Completed,Cognitive Orchestrator,Authorized HAL components and operators with declared need,/hal/v1/cmp-05/node-completed,urn:hal:book-ix:ix-c-0048:1.0,HAL-Internal-Authority-v1,Event-AtLeastOnce-v1,FINAL
IX-C-0049,CMP-05-IF-10,CMP-05,Event,Run Failed,Cognitive Orchestrator,Authorized HAL components and operators with declared need,/hal/v1/cmp-05/run-failed,urn:hal:book-ix:ix-c-0049:1.0,HAL-Internal-Authority-v1,Event-AtLeastOnce-v1,FINAL
IX-C-0050,CMP-05-IF-11,CMP-05,Event,Result Assembled,Cognitive Orchestrator,Authorized HAL components and operators with declared need,/hal/v1/cmp-05/result-assembled,urn:hal:book-ix:ix-c-0050:1.0,HAL-Internal-Authority-v1,Event-AtLeastOnce-v1,FINAL
IX-C-0051,CMP-06-IF-01,CMP-06,Command,Submit Attention Request,Attention Manager,Authorized HAL components and operators with declared need,/hal/v1/cmp-06/submit-attention-request,urn:hal:book-ix:ix-c-0051:1.0,HAL-Internal-Authority-v1,Command-Idempotent-v1,FINAL
IX-C-0052,CMP-06-IF-02,CMP-06,Command,Admit Work,Attention Manager,Authorized HAL components and operators with declared need,/hal/v1/cmp-06/admit-work,urn:hal:book-ix:ix-c-0052:1.0,HAL-Internal-Authority-v1,Command-Idempotent-v1,FINAL
IX-C-0053,CMP-06-IF-03,CMP-06,Command,Preempt Work,Attention Manager,Authorized HAL components and operators with declared need,/hal/v1/cmp-06/preempt-work,urn:hal:book-ix:ix-c-0053:1.0,HAL-Internal-Authority-v1,Command-Idempotent-v1,FINAL
IX-C-0054,CMP-06-IF-04,CMP-06,Command,Release Placement,Attention Manager,Authorized HAL components and operators with declared need,/hal/v1/cmp-06/release-placement,urn:hal:book-ix:ix-c-0054:1.0,HAL-Internal-Authority-v1,Command-Idempotent-v1,FINAL
IX-C-0055,CMP-06-IF-05,CMP-06,Query,Get Queue State,Attention Manager,Authorized HAL components and operators with declared need,/hal/v1/cmp-06/get-queue-state,urn:hal:book-ix:ix-c-0055:1.0,HAL-Internal-Authority-v1,Query-Bounded-v1,FINAL
IX-C-0056,CMP-06-IF-06,CMP-06,Query,Explain Priority,Attention Manager,Authorized HAL components and operators with declared need,/hal/v1/cmp-06/explain-priority,urn:hal:book-ix:ix-c-0056:1.0,HAL-Internal-Authority-v1,Query-Bounded-v1,FINAL
IX-C-0057,CMP-06-IF-07,CMP-06,Query,Get Placement,Attention Manager,Authorized HAL components and operators with declared need,/hal/v1/cmp-06/get-placement,urn:hal:book-ix:ix-c-0057:1.0,HAL-Internal-Authority-v1,Query-Bounded-v1,FINAL
IX-C-0058,CMP-06-IF-08,CMP-06,Event,Work Admitted,Attention Manager,Authorized HAL components and operators with declared need,/hal/v1/cmp-06/work-admitted,urn:hal:book-ix:ix-c-0058:1.0,HAL-Internal-Authority-v1,Event-AtLeastOnce-v1,FINAL
IX-C-0059,CMP-06-IF-09,CMP-06,Event,Work Preempted,Attention Manager,Authorized HAL components and operators with declared need,/hal/v1/cmp-06/work-preempted,urn:hal:book-ix:ix-c-0059:1.0,HAL-Internal-Authority-v1,Event-AtLeastOnce-v1,FINAL
IX-C-0060,CMP-06-IF-10,CMP-06,Event,Placement Released,Attention Manager,Authorized HAL components and operators with declared need,/hal/v1/cmp-06/placement-released,urn:hal:book-ix:ix-c-0060:1.0,HAL-Internal-Authority-v1,Event-AtLeastOnce-v1,FINAL
IX-C-0061,CMP-07-IF-01,CMP-07,Command,Request Judgment,Judgment Service,Authorized HAL components and operators with declared need,/hal/v1/cmp-07/request-judgment,urn:hal:book-ix:ix-c-0061:1.0,HAL-Internal-Authority-v1,Command-Idempotent-v1,FINAL
IX-C-0062,CMP-07-IF-02,CMP-07,Command,Record Decision,Judgment Service,Authorized HAL components and operators with declared need,/hal/v1/cmp-07/record-decision,urn:hal:book-ix:ix-c-0062:1.0,HAL-Internal-Authority-v1,Command-Idempotent-v1,FINAL
IX-C-0063,CMP-07-IF-03,CMP-07,Command,Reconsider Decision,Judgment Service,Authorized HAL components and operators with declared need,/hal/v1/cmp-07/reconsider-decision,urn:hal:book-ix:ix-c-0063:1.0,HAL-Internal-Authority-v1,Command-Idempotent-v1,FINAL
IX-C-0064,CMP-07-IF-04,CMP-07,Command,Withdraw Decision,Judgment Service,Authorized HAL components and operators with declared need,/hal/v1/cmp-07/withdraw-decision,urn:hal:book-ix:ix-c-0064:1.0,HAL-Internal-Authority-v1,Command-Idempotent-v1,FINAL
IX-C-0065,CMP-07-IF-05,CMP-07,Query,Get Decision Object,Judgment Service,Authorized HAL components and operators with declared need,/hal/v1/cmp-07/get-decision-object,urn:hal:book-ix:ix-c-0065:1.0,HAL-Internal-Authority-v1,Query-Bounded-v1,FINAL
IX-C-0066,CMP-07-IF-06,CMP-07,Query,Explain Rationale,Judgment Service,Authorized HAL components and operators with declared need,/hal/v1/cmp-07/explain-rationale,urn:hal:book-ix:ix-c-0066:1.0,HAL-Internal-Authority-v1,Query-Bounded-v1,FINAL
IX-C-0067,CMP-07-IF-07,CMP-07,Query,List Alternatives,Judgment Service,Authorized HAL components and operators with declared need,/hal/v1/cmp-07/list-alternatives,urn:hal:book-ix:ix-c-0067:1.0,HAL-Internal-Authority-v1,Query-Bounded-v1,FINAL
IX-C-0068,CMP-07-IF-08,CMP-07,Event,Decision Recorded,Judgment Service,Authorized HAL components and operators with declared need,/hal/v1/cmp-07/decision-recorded,urn:hal:book-ix:ix-c-0068:1.0,HAL-Internal-Authority-v1,Event-AtLeastOnce-v1,FINAL
IX-C-0069,CMP-07-IF-09,CMP-07,Event,Decision Reconsidered,Judgment Service,Authorized HAL components and operators with declared need,/hal/v1/cmp-07/decision-reconsidered,urn:hal:book-ix:ix-c-0069:1.0,HAL-Internal-Authority-v1,Event-AtLeastOnce-v1,FINAL
IX-C-0070,CMP-07-IF-10,CMP-07,Event,Decision Withdrawn,Judgment Service,Authorized HAL components and operators with declared need,/hal/v1/cmp-07/decision-withdrawn,urn:hal:book-ix:ix-c-0070:1.0,HAL-Internal-Authority-v1,Event-AtLeastOnce-v1,FINAL
IX-C-0071,CMP-08-IF-01,CMP-08,Command,Admit Knowledge Assertion,Knowledge Service,Authorized HAL components and operators with declared need,/hal/v1/cmp-08/admit-knowledge-assertion,urn:hal:book-ix:ix-c-0071:1.0,HAL-Internal-Authority-v1,Command-Idempotent-v1,FINAL
IX-C-0072,CMP-08-IF-02,CMP-08,Command,Revise Knowledge Link,Knowledge Service,Authorized HAL components and operators with declared need,/hal/v1/cmp-08/revise-knowledge-link,urn:hal:book-ix:ix-c-0072:1.0,HAL-Internal-Authority-v1,Command-Idempotent-v1,FINAL
IX-C-0073,CMP-08-IF-03,CMP-08,Command,Invalidate Assertion,Knowledge Service,Authorized HAL components and operators with declared need,/hal/v1/cmp-08/invalidate-assertion,urn:hal:book-ix:ix-c-0073:1.0,HAL-Internal-Authority-v1,Command-Idempotent-v1,FINAL
IX-C-0074,CMP-08-IF-04,CMP-08,Command,Rebuild Index,Knowledge Service,Authorized HAL components and operators with declared need,/hal/v1/cmp-08/rebuild-index,urn:hal:book-ix:ix-c-0074:1.0,HAL-Internal-Authority-v1,Command-Idempotent-v1,FINAL
IX-C-0075,CMP-08-IF-05,CMP-08,Query,Query Knowledge,Knowledge Service,Authorized HAL components and operators with declared need,/hal/v1/cmp-08/query-knowledge,urn:hal:book-ix:ix-c-0075:1.0,HAL-Internal-Authority-v1,Query-Bounded-v1,FINAL
IX-C-0076,CMP-08-IF-06,CMP-08,Query,Trace Provenance,Knowledge Service,Authorized HAL components and operators with declared need,/hal/v1/cmp-08/trace-provenance,urn:hal:book-ix:ix-c-0076:1.0,HAL-Internal-Authority-v1,Query-Bounded-v1,FINAL
IX-C-0077,CMP-08-IF-07,CMP-08,Query,Get Validity Context,Knowledge Service,Authorized HAL components and operators with declared need,/hal/v1/cmp-08/get-validity-context,urn:hal:book-ix:ix-c-0077:1.0,HAL-Internal-Authority-v1,Query-Bounded-v1,FINAL
IX-C-0078,CMP-08-IF-08,CMP-08,Event,Knowledge Admitted,Knowledge Service,Authorized HAL components and operators with declared need,/hal/v1/cmp-08/knowledge-admitted,urn:hal:book-ix:ix-c-0078:1.0,HAL-Internal-Authority-v1,Event-AtLeastOnce-v1,FINAL
IX-C-0079,CMP-08-IF-09,CMP-08,Event,Assertion Invalidated,Knowledge Service,Authorized HAL components and operators with declared need,/hal/v1/cmp-08/assertion-invalidated,urn:hal:book-ix:ix-c-0079:1.0,HAL-Internal-Authority-v1,Event-AtLeastOnce-v1,FINAL
IX-C-0080,CMP-08-IF-10,CMP-08,Event,Index Rebuilt,Knowledge Service,Authorized HAL components and operators with declared need,/hal/v1/cmp-08/index-rebuilt,urn:hal:book-ix:ix-c-0080:1.0,HAL-Internal-Authority-v1,Event-AtLeastOnce-v1,FINAL
IX-C-0081,CMP-09-IF-01,CMP-09,Command,Store Memory Association,Memory System,Authorized HAL components and operators with declared need,/hal/v1/cmp-09/store-memory-association,urn:hal:book-ix:ix-c-0081:1.0,HAL-Internal-Authority-v1,Command-Idempotent-v1,FINAL
IX-C-0082,CMP-09-IF-02,CMP-09,Command,Revise Association,Memory System,Authorized HAL components and operators with declared need,/hal/v1/cmp-09/revise-association,urn:hal:book-ix:ix-c-0082:1.0,HAL-Internal-Authority-v1,Command-Idempotent-v1,FINAL
IX-C-0083,CMP-09-IF-03,CMP-09,Command,Forget Memory,Memory System,Authorized HAL components and operators with declared need,/hal/v1/cmp-09/forget-memory,urn:hal:book-ix:ix-c-0083:1.0,HAL-Internal-Authority-v1,Command-Idempotent-v1,FINAL
IX-C-0084,CMP-09-IF-04,CMP-09,Command,Reconcile Conversation,Memory System,Authorized HAL components and operators with declared need,/hal/v1/cmp-09/reconcile-conversation,urn:hal:book-ix:ix-c-0084:1.0,HAL-Internal-Authority-v1,Command-Idempotent-v1,FINAL
IX-C-0085,CMP-09-IF-05,CMP-09,Query,Recall Memory,Memory System,Authorized HAL components and operators with declared need,/hal/v1/cmp-09/recall-memory,urn:hal:book-ix:ix-c-0085:1.0,HAL-Internal-Authority-v1,Query-Bounded-v1,FINAL
IX-C-0086,CMP-09-IF-06,CMP-09,Query,Trace Memory Source,Memory System,Authorized HAL components and operators with declared need,/hal/v1/cmp-09/trace-memory-source,urn:hal:book-ix:ix-c-0086:1.0,HAL-Internal-Authority-v1,Query-Bounded-v1,FINAL
IX-C-0087,CMP-09-IF-07,CMP-09,Query,Get Retention Status,Memory System,Authorized HAL components and operators with declared need,/hal/v1/cmp-09/get-retention-status,urn:hal:book-ix:ix-c-0087:1.0,HAL-Internal-Authority-v1,Query-Bounded-v1,FINAL
IX-C-0088,CMP-09-IF-08,CMP-09,Event,Memory Associated,Memory System,Authorized HAL components and operators with declared need,/hal/v1/cmp-09/memory-associated,urn:hal:book-ix:ix-c-0088:1.0,HAL-Internal-Authority-v1,Event-AtLeastOnce-v1,FINAL
IX-C-0089,CMP-09-IF-09,CMP-09,Event,Memory Forgotten,Memory System,Authorized HAL components and operators with declared need,/hal/v1/cmp-09/memory-forgotten,urn:hal:book-ix:ix-c-0089:1.0,HAL-Internal-Authority-v1,Event-AtLeastOnce-v1,FINAL
IX-C-0090,CMP-09-IF-10,CMP-09,Event,Conversation Reconciled,Memory System,Authorized HAL components and operators with declared need,/hal/v1/cmp-09/conversation-reconciled,urn:hal:book-ix:ix-c-0090:1.0,HAL-Internal-Authority-v1,Event-AtLeastOnce-v1,FINAL
IX-C-0091,CMP-10-IF-01,CMP-10,Command,Record Experience,Learning and Wisdom System,Authorized HAL components and operators with declared need,/hal/v1/cmp-10/record-experience,urn:hal:book-ix:ix-c-0091:1.0,HAL-Internal-Authority-v1,Command-Idempotent-v1,FINAL
IX-C-0092,CMP-10-IF-02,CMP-10,Command,Propose Pattern,Learning and Wisdom System,Authorized HAL components and operators with declared need,/hal/v1/cmp-10/propose-pattern,urn:hal:book-ix:ix-c-0092:1.0,HAL-Internal-Authority-v1,Command-Idempotent-v1,FINAL
IX-C-0093,CMP-10-IF-03,CMP-10,Command,Promote Pattern,Learning and Wisdom System,Authorized HAL components and operators with declared need,/hal/v1/cmp-10/promote-pattern,urn:hal:book-ix:ix-c-0093:1.0,HAL-Internal-Authority-v1,Command-Idempotent-v1,FINAL
IX-C-0094,CMP-10-IF-04,CMP-10,Command,Retire Wisdom,Learning and Wisdom System,Authorized HAL components and operators with declared need,/hal/v1/cmp-10/retire-wisdom,urn:hal:book-ix:ix-c-0094:1.0,HAL-Internal-Authority-v1,Command-Idempotent-v1,FINAL
IX-C-0095,CMP-10-IF-05,CMP-10,Query,Get Experience,Learning and Wisdom System,Authorized HAL components and operators with declared need,/hal/v1/cmp-10/get-experience,urn:hal:book-ix:ix-c-0095:1.0,HAL-Internal-Authority-v1,Query-Bounded-v1,FINAL
IX-C-0096,CMP-10-IF-06,CMP-10,Query,Explain Pattern,Learning and Wisdom System,Authorized HAL components and operators with declared need,/hal/v1/cmp-10/explain-pattern,urn:hal:book-ix:ix-c-0096:1.0,HAL-Internal-Authority-v1,Query-Bounded-v1,FINAL
IX-C-0097,CMP-10-IF-07,CMP-10,Query,Get Wisdom Limits,Learning and Wisdom System,Authorized HAL components and operators with declared need,/hal/v1/cmp-10/get-wisdom-limits,urn:hal:book-ix:ix-c-0097:1.0,HAL-Internal-Authority-v1,Query-Bounded-v1,FINAL
IX-C-0098,CMP-10-IF-08,CMP-10,Event,Experience Recorded,Learning and Wisdom System,Authorized HAL components and operators with declared need,/hal/v1/cmp-10/experience-recorded,urn:hal:book-ix:ix-c-0098:1.0,HAL-Internal-Authority-v1,Event-AtLeastOnce-v1,FINAL
IX-C-0099,CMP-10-IF-09,CMP-10,Event,Pattern Promoted,Learning and Wisdom System,Authorized HAL components and operators with declared need,/hal/v1/cmp-10/pattern-promoted,urn:hal:book-ix:ix-c-0099:1.0,HAL-Internal-Authority-v1,Event-AtLeastOnce-v1,FINAL
IX-C-0100,CMP-10-IF-10,CMP-10,Event,Wisdom Retired,Learning and Wisdom System,Authorized HAL components and operators with declared need,/hal/v1/cmp-10/wisdom-retired,urn:hal:book-ix:ix-c-0100:1.0,HAL-Internal-Authority-v1,Event-AtLeastOnce-v1,FINAL
IX-C-0101,CMP-11-IF-01,CMP-11,Command,Issue Lease,Temporal Service,Authorized HAL components and operators with declared need,/hal/v1/cmp-11/issue-lease,urn:hal:book-ix:ix-c-0101:1.0,HAL-Internal-Authority-v1,Command-Idempotent-v1,FINAL
IX-C-0102,CMP-11-IF-02,CMP-11,Command,Renew Lease,Temporal Service,Authorized HAL components and operators with declared need,/hal/v1/cmp-11/renew-lease,urn:hal:book-ix:ix-c-0102:1.0,HAL-Internal-Authority-v1,Command-Idempotent-v1,FINAL
IX-C-0103,CMP-11-IF-03,CMP-11,Command,Record Logical Time,Temporal Service,Authorized HAL components and operators with declared need,/hal/v1/cmp-11/record-logical-time,urn:hal:book-ix:ix-c-0103:1.0,HAL-Internal-Authority-v1,Command-Idempotent-v1,FINAL
IX-C-0104,CMP-11-IF-04,CMP-11,Command,Declare Time Source Degraded,Temporal Service,Authorized HAL components and operators with declared need,/hal/v1/cmp-11/declare-time-source-degraded,urn:hal:book-ix:ix-c-0104:1.0,HAL-Internal-Authority-v1,Command-Idempotent-v1,FINAL
IX-C-0105,CMP-11-IF-05,CMP-11,Query,Get Current Time Context,Temporal Service,Authorized HAL components and operators with declared need,/hal/v1/cmp-11/get-current-time-context,urn:hal:book-ix:ix-c-0105:1.0,HAL-Internal-Authority-v1,Query-Bounded-v1,FINAL
IX-C-0106,CMP-11-IF-06,CMP-11,Query,Compare Causality,Temporal Service,Authorized HAL components and operators with declared need,/hal/v1/cmp-11/compare-causality,urn:hal:book-ix:ix-c-0106:1.0,HAL-Internal-Authority-v1,Query-Bounded-v1,FINAL
IX-C-0107,CMP-11-IF-07,CMP-11,Query,Get Freshness,Temporal Service,Authorized HAL components and operators with declared need,/hal/v1/cmp-11/get-freshness,urn:hal:book-ix:ix-c-0107:1.0,HAL-Internal-Authority-v1,Query-Bounded-v1,FINAL
IX-C-0108,CMP-11-IF-08,CMP-11,Event,Lease Issued,Temporal Service,Authorized HAL components and operators with declared need,/hal/v1/cmp-11/lease-issued,urn:hal:book-ix:ix-c-0108:1.0,HAL-Internal-Authority-v1,Event-AtLeastOnce-v1,FINAL
IX-C-0109,CMP-11-IF-09,CMP-11,Event,Lease Expired,Temporal Service,Authorized HAL components and operators with declared need,/hal/v1/cmp-11/lease-expired,urn:hal:book-ix:ix-c-0109:1.0,HAL-Internal-Authority-v1,Event-AtLeastOnce-v1,FINAL
IX-C-0110,CMP-11-IF-10,CMP-11,Event,Time Source Degraded,Temporal Service,Authorized HAL components and operators with declared need,/hal/v1/cmp-11/time-source-degraded,urn:hal:book-ix:ix-c-0110:1.0,HAL-Internal-Authority-v1,Event-AtLeastOnce-v1,FINAL
IX-C-0111,CMP-12-IF-01,CMP-12,Command,Create Presence,Presence and Embodiment Layer,Authorized HAL components and operators with declared need,/hal/v1/cmp-12/create-presence,urn:hal:book-ix:ix-c-0111:1.0,HAL-Internal-Authority-v1,Command-Idempotent-v1,FINAL
IX-C-0112,CMP-12-IF-02,CMP-12,Command,Bind Embodiment,Presence and Embodiment Layer,Authorized HAL components and operators with declared need,/hal/v1/cmp-12/bind-embodiment,urn:hal:book-ix:ix-c-0112:1.0,HAL-Internal-Authority-v1,Command-Idempotent-v1,FINAL
IX-C-0113,CMP-12-IF-03,CMP-12,Command,Handoff Presence,Presence and Embodiment Layer,Authorized HAL components and operators with declared need,/hal/v1/cmp-12/handoff-presence,urn:hal:book-ix:ix-c-0113:1.0,HAL-Internal-Authority-v1,Command-Idempotent-v1,FINAL
IX-C-0114,CMP-12-IF-04,CMP-12,Command,End Presence,Presence and Embodiment Layer,Authorized HAL components and operators with declared need,/hal/v1/cmp-12/end-presence,urn:hal:book-ix:ix-c-0114:1.0,HAL-Internal-Authority-v1,Command-Idempotent-v1,FINAL
IX-C-0115,CMP-12-IF-05,CMP-12,Query,Get Presence Context,Presence and Embodiment Layer,Authorized HAL components and operators with declared need,/hal/v1/cmp-12/get-presence-context,urn:hal:book-ix:ix-c-0115:1.0,HAL-Internal-Authority-v1,Query-Bounded-v1,FINAL
IX-C-0116,CMP-12-IF-06,CMP-12,Query,List Embodiments,Presence and Embodiment Layer,Authorized HAL components and operators with declared need,/hal/v1/cmp-12/list-embodiments,urn:hal:book-ix:ix-c-0116:1.0,HAL-Internal-Authority-v1,Query-Bounded-v1,FINAL
IX-C-0117,CMP-12-IF-07,CMP-12,Query,Get Audience Context,Presence and Embodiment Layer,Authorized HAL components and operators with declared need,/hal/v1/cmp-12/get-audience-context,urn:hal:book-ix:ix-c-0117:1.0,HAL-Internal-Authority-v1,Query-Bounded-v1,FINAL
IX-C-0118,CMP-12-IF-08,CMP-12,Event,Presence Created,Presence and Embodiment Layer,Authorized HAL components and operators with declared need,/hal/v1/cmp-12/presence-created,urn:hal:book-ix:ix-c-0118:1.0,HAL-Internal-Authority-v1,Event-AtLeastOnce-v1,FINAL
IX-C-0119,CMP-12-IF-09,CMP-12,Event,Embodiment Bound,Presence and Embodiment Layer,Authorized HAL components and operators with declared need,/hal/v1/cmp-12/embodiment-bound,urn:hal:book-ix:ix-c-0119:1.0,HAL-Internal-Authority-v1,Event-AtLeastOnce-v1,FINAL
IX-C-0120,CMP-12-IF-10,CMP-12,Event,Presence Handed Off,Presence and Embodiment Layer,Authorized HAL components and operators with declared need,/hal/v1/cmp-12/presence-handed-off,urn:hal:book-ix:ix-c-0120:1.0,HAL-Internal-Authority-v1,Event-AtLeastOnce-v1,FINAL
IX-C-0121,CMP-13-IF-01,CMP-13,Command,Register Capability,Capability Registry,Authorized HAL components and operators with declared need,/hal/v1/cmp-13/register-capability,urn:hal:book-ix:ix-c-0121:1.0,HAL-Internal-Authority-v1,Command-Idempotent-v1,FINAL
IX-C-0122,CMP-13-IF-02,CMP-13,Command,Register Provider,Capability Registry,Authorized HAL components and operators with declared need,/hal/v1/cmp-13/register-provider,urn:hal:book-ix:ix-c-0122:1.0,HAL-Internal-Authority-v1,Command-Idempotent-v1,FINAL
IX-C-0123,CMP-13-IF-03,CMP-13,Command,Qualify Provider,Capability Registry,Authorized HAL components and operators with declared need,/hal/v1/cmp-13/qualify-provider,urn:hal:book-ix:ix-c-0123:1.0,HAL-Internal-Authority-v1,Command-Idempotent-v1,FINAL
IX-C-0124,CMP-13-IF-04,CMP-13,Command,Retire Adapter,Capability Registry,Authorized HAL components and operators with declared need,/hal/v1/cmp-13/retire-adapter,urn:hal:book-ix:ix-c-0124:1.0,HAL-Internal-Authority-v1,Command-Idempotent-v1,FINAL
IX-C-0125,CMP-13-IF-05,CMP-13,Query,Discover Capability,Capability Registry,Authorized HAL components and operators with declared need,/hal/v1/cmp-13/discover-capability,urn:hal:book-ix:ix-c-0125:1.0,HAL-Internal-Authority-v1,Query-Bounded-v1,FINAL
IX-C-0126,CMP-13-IF-06,CMP-13,Query,Get Provider Qualification,Capability Registry,Authorized HAL components and operators with declared need,/hal/v1/cmp-13/get-provider-qualification,urn:hal:book-ix:ix-c-0126:1.0,HAL-Internal-Authority-v1,Query-Bounded-v1,FINAL
IX-C-0127,CMP-13-IF-07,CMP-13,Query,Resolve Adapter,Capability Registry,Authorized HAL components and operators with declared need,/hal/v1/cmp-13/resolve-adapter,urn:hal:book-ix:ix-c-0127:1.0,HAL-Internal-Authority-v1,Query-Bounded-v1,FINAL
IX-C-0128,CMP-13-IF-08,CMP-13,Event,Capability Registered,Capability Registry,Authorized HAL components and operators with declared need,/hal/v1/cmp-13/capability-registered,urn:hal:book-ix:ix-c-0128:1.0,HAL-Internal-Authority-v1,Event-AtLeastOnce-v1,FINAL
IX-C-0129,CMP-13-IF-09,CMP-13,Event,Provider Qualified,Capability Registry,Authorized HAL components and operators with declared need,/hal/v1/cmp-13/provider-qualified,urn:hal:book-ix:ix-c-0129:1.0,HAL-Internal-Authority-v1,Event-AtLeastOnce-v1,FINAL
IX-C-0130,CMP-13-IF-10,CMP-13,Event,Provider Quarantined,Capability Registry,Authorized HAL components and operators with declared need,/hal/v1/cmp-13/provider-quarantined,urn:hal:book-ix:ix-c-0130:1.0,HAL-Internal-Authority-v1,Event-AtLeastOnce-v1,FINAL
IX-C-0131,CMP-14-IF-01,CMP-14,Command,Propose Action,Action and Transaction Engine,Authorized HAL components and operators with declared need,/hal/v1/cmp-14/propose-action,urn:hal:book-ix:ix-c-0131:1.0,HAL-Internal-Authority-v1,Command-Idempotent-v1,FINAL
IX-C-0132,CMP-14-IF-02,CMP-14,Command,Prepare Transaction,Action and Transaction Engine,Authorized HAL components and operators with declared need,/hal/v1/cmp-14/prepare-transaction,urn:hal:book-ix:ix-c-0132:1.0,HAL-Internal-Authority-v1,Command-Idempotent-v1,FINAL
IX-C-0133,CMP-14-IF-03,CMP-14,Command,Commit Transaction,Action and Transaction Engine,Authorized HAL components and operators with declared need,/hal/v1/cmp-14/commit-transaction,urn:hal:book-ix:ix-c-0133:1.0,HAL-Internal-Authority-v1,Command-Idempotent-v1,FINAL
IX-C-0134,CMP-14-IF-04,CMP-14,Command,Rollback Transaction,Action and Transaction Engine,Authorized HAL components and operators with declared need,/hal/v1/cmp-14/rollback-transaction,urn:hal:book-ix:ix-c-0134:1.0,HAL-Internal-Authority-v1,Command-Idempotent-v1,FINAL
IX-C-0135,CMP-14-IF-05,CMP-14,Command,Begin Compensation,Action and Transaction Engine,Authorized HAL components and operators with declared need,/hal/v1/cmp-14/begin-compensation,urn:hal:book-ix:ix-c-0135:1.0,HAL-Internal-Authority-v1,Command-Idempotent-v1,FINAL
IX-C-0136,CMP-14-IF-06,CMP-14,Query,Get Transaction State,Action and Transaction Engine,Authorized HAL components and operators with declared need,/hal/v1/cmp-14/get-transaction-state,urn:hal:book-ix:ix-c-0136:1.0,HAL-Internal-Authority-v1,Query-Bounded-v1,FINAL
IX-C-0137,CMP-14-IF-07,CMP-14,Query,Explain Commit Decision,Action and Transaction Engine,Authorized HAL components and operators with declared need,/hal/v1/cmp-14/explain-commit-decision,urn:hal:book-ix:ix-c-0137:1.0,HAL-Internal-Authority-v1,Query-Bounded-v1,FINAL
IX-C-0138,CMP-14-IF-08,CMP-14,Query,Get Idempotency Result,Action and Transaction Engine,Authorized HAL components and operators with declared need,/hal/v1/cmp-14/get-idempotency-result,urn:hal:book-ix:ix-c-0138:1.0,HAL-Internal-Authority-v1,Query-Bounded-v1,FINAL
IX-C-0139,CMP-14-IF-09,CMP-14,Event,Action Authorized,Action and Transaction Engine,Authorized HAL components and operators with declared need,/hal/v1/cmp-14/action-authorized,urn:hal:book-ix:ix-c-0139:1.0,HAL-Internal-Authority-v1,Event-AtLeastOnce-v1,FINAL
IX-C-0140,CMP-14-IF-10,CMP-14,Event,Transaction Committed,Action and Transaction Engine,Authorized HAL components and operators with declared need,/hal/v1/cmp-14/transaction-committed,urn:hal:book-ix:ix-c-0140:1.0,HAL-Internal-Authority-v1,Event-AtLeastOnce-v1,FINAL
IX-C-0141,CMP-14-IF-11,CMP-14,Event,Transaction Rolled Back,Action and Transaction Engine,Authorized HAL components and operators with declared need,/hal/v1/cmp-14/transaction-rolled-back,urn:hal:book-ix:ix-c-0141:1.0,HAL-Internal-Authority-v1,Event-AtLeastOnce-v1,FINAL
IX-C-0142,CMP-14-IF-12,CMP-14,Event,Compensation Started,Action and Transaction Engine,Authorized HAL components and operators with declared need,/hal/v1/cmp-14/compensation-started,urn:hal:book-ix:ix-c-0142:1.0,HAL-Internal-Authority-v1,Event-AtLeastOnce-v1,FINAL
IX-C-0143,CMP-15-IF-01,CMP-15,Command,Start Verification,Verification Service,Authorized HAL components and operators with declared need,/hal/v1/cmp-15/start-verification,urn:hal:book-ix:ix-c-0143:1.0,HAL-Internal-Authority-v1,Command-Idempotent-v1,FINAL
IX-C-0144,CMP-15-IF-02,CMP-15,Command,Record Verification Result,Verification Service,Authorized HAL components and operators with declared need,/hal/v1/cmp-15/record-verification-result,urn:hal:book-ix:ix-c-0144:1.0,HAL-Internal-Authority-v1,Command-Idempotent-v1,FINAL
IX-C-0145,CMP-15-IF-03,CMP-15,Command,Invalidate Result,Verification Service,Authorized HAL components and operators with declared need,/hal/v1/cmp-15/invalidate-result,urn:hal:book-ix:ix-c-0145:1.0,HAL-Internal-Authority-v1,Command-Idempotent-v1,FINAL
IX-C-0146,CMP-15-IF-04,CMP-15,Command,Request Reproduction,Verification Service,Authorized HAL components and operators with declared need,/hal/v1/cmp-15/request-reproduction,urn:hal:book-ix:ix-c-0146:1.0,HAL-Internal-Authority-v1,Command-Idempotent-v1,FINAL
IX-C-0147,CMP-15-IF-05,CMP-15,Query,Get Verification Result,Verification Service,Authorized HAL components and operators with declared need,/hal/v1/cmp-15/get-verification-result,urn:hal:book-ix:ix-c-0147:1.0,HAL-Internal-Authority-v1,Query-Bounded-v1,FINAL
IX-C-0148,CMP-15-IF-06,CMP-15,Query,Explain Confidence,Verification Service,Authorized HAL components and operators with declared need,/hal/v1/cmp-15/explain-confidence,urn:hal:book-ix:ix-c-0148:1.0,HAL-Internal-Authority-v1,Query-Bounded-v1,FINAL
IX-C-0149,CMP-15-IF-07,CMP-15,Query,List Defeaters,Verification Service,Authorized HAL components and operators with declared need,/hal/v1/cmp-15/list-defeaters,urn:hal:book-ix:ix-c-0149:1.0,HAL-Internal-Authority-v1,Query-Bounded-v1,FINAL
IX-C-0150,CMP-15-IF-08,CMP-15,Event,Verification Started,Verification Service,Authorized HAL components and operators with declared need,/hal/v1/cmp-15/verification-started,urn:hal:book-ix:ix-c-0150:1.0,HAL-Internal-Authority-v1,Event-AtLeastOnce-v1,FINAL
IX-C-0151,CMP-15-IF-09,CMP-15,Event,Claim Verified,Verification Service,Authorized HAL components and operators with declared need,/hal/v1/cmp-15/claim-verified,urn:hal:book-ix:ix-c-0151:1.0,HAL-Internal-Authority-v1,Event-AtLeastOnce-v1,FINAL
IX-C-0152,CMP-15-IF-10,CMP-15,Event,Claim Falsified,Verification Service,Authorized HAL components and operators with declared need,/hal/v1/cmp-15/claim-falsified,urn:hal:book-ix:ix-c-0152:1.0,HAL-Internal-Authority-v1,Event-AtLeastOnce-v1,FINAL
IX-C-0153,CMP-15-IF-11,CMP-15,Event,Result Invalidated,Verification Service,Authorized HAL components and operators with declared need,/hal/v1/cmp-15/result-invalidated,urn:hal:book-ix:ix-c-0153:1.0,HAL-Internal-Authority-v1,Event-AtLeastOnce-v1,FINAL
IX-C-0154,CMP-16-IF-01,CMP-16,Command,Create Simulation,Simulation and Digital Twin Platform,Authorized HAL components and operators with declared need,/hal/v1/cmp-16/create-simulation,urn:hal:book-ix:ix-c-0154:1.0,HAL-Internal-Authority-v1,Command-Idempotent-v1,FINAL
IX-C-0155,CMP-16-IF-02,CMP-16,Command,Load Twin State,Simulation and Digital Twin Platform,Authorized HAL components and operators with declared need,/hal/v1/cmp-16/load-twin-state,urn:hal:book-ix:ix-c-0155:1.0,HAL-Internal-Authority-v1,Command-Idempotent-v1,FINAL
IX-C-0156,CMP-16-IF-03,CMP-16,Command,Run Scenario,Simulation and Digital Twin Platform,Authorized HAL components and operators with declared need,/hal/v1/cmp-16/run-scenario,urn:hal:book-ix:ix-c-0156:1.0,HAL-Internal-Authority-v1,Command-Idempotent-v1,FINAL
IX-C-0157,CMP-16-IF-04,CMP-16,Command,Inject Failure,Simulation and Digital Twin Platform,Authorized HAL components and operators with declared need,/hal/v1/cmp-16/inject-failure,urn:hal:book-ix:ix-c-0157:1.0,HAL-Internal-Authority-v1,Command-Idempotent-v1,FINAL
IX-C-0158,CMP-16-IF-05,CMP-16,Command,Terminate Simulation,Simulation and Digital Twin Platform,Authorized HAL components and operators with declared need,/hal/v1/cmp-16/terminate-simulation,urn:hal:book-ix:ix-c-0158:1.0,HAL-Internal-Authority-v1,Command-Idempotent-v1,FINAL
IX-C-0159,CMP-16-IF-06,CMP-16,Query,Get Scenario Result,Simulation and Digital Twin Platform,Authorized HAL components and operators with declared need,/hal/v1/cmp-16/get-scenario-result,urn:hal:book-ix:ix-c-0159:1.0,HAL-Internal-Authority-v1,Query-Bounded-v1,FINAL
IX-C-0160,CMP-16-IF-07,CMP-16,Query,Get Fidelity Score,Simulation and Digital Twin Platform,Authorized HAL components and operators with declared need,/hal/v1/cmp-16/get-fidelity-score,urn:hal:book-ix:ix-c-0160:1.0,HAL-Internal-Authority-v1,Query-Bounded-v1,FINAL
IX-C-0161,CMP-16-IF-08,CMP-16,Query,Get Isolation Status,Simulation and Digital Twin Platform,Authorized HAL components and operators with declared need,/hal/v1/cmp-16/get-isolation-status,urn:hal:book-ix:ix-c-0161:1.0,HAL-Internal-Authority-v1,Query-Bounded-v1,FINAL
IX-C-0162,CMP-16-IF-09,CMP-16,Event,Simulation Started,Simulation and Digital Twin Platform,Authorized HAL components and operators with declared need,/hal/v1/cmp-16/simulation-started,urn:hal:book-ix:ix-c-0162:1.0,HAL-Internal-Authority-v1,Event-AtLeastOnce-v1,FINAL
IX-C-0163,CMP-16-IF-10,CMP-16,Event,Scenario Completed,Simulation and Digital Twin Platform,Authorized HAL components and operators with declared need,/hal/v1/cmp-16/scenario-completed,urn:hal:book-ix:ix-c-0163:1.0,HAL-Internal-Authority-v1,Event-AtLeastOnce-v1,FINAL
IX-C-0164,CMP-16-IF-11,CMP-16,Event,Isolation Breach Detected,Simulation and Digital Twin Platform,Authorized HAL components and operators with declared need,/hal/v1/cmp-16/isolation-breach-detected,urn:hal:book-ix:ix-c-0164:1.0,HAL-Internal-Authority-v1,Event-AtLeastOnce-v1,FINAL
IX-C-0165,CMP-17-IF-01,CMP-17,Command,Request Trust Assessment,Trust Service,Authorized HAL components and operators with declared need,/hal/v1/cmp-17/request-trust-assessment,urn:hal:book-ix:ix-c-0165:1.0,HAL-Internal-Authority-v1,Command-Idempotent-v1,FINAL
IX-C-0166,CMP-17-IF-02,CMP-17,Command,Update Trust Dimension,Trust Service,Authorized HAL components and operators with declared need,/hal/v1/cmp-17/update-trust-dimension,urn:hal:book-ix:ix-c-0166:1.0,HAL-Internal-Authority-v1,Command-Idempotent-v1,FINAL
IX-C-0167,CMP-17-IF-03,CMP-17,Command,Invalidate Assessment,Trust Service,Authorized HAL components and operators with declared need,/hal/v1/cmp-17/invalidate-assessment,urn:hal:book-ix:ix-c-0167:1.0,HAL-Internal-Authority-v1,Command-Idempotent-v1,FINAL
IX-C-0168,CMP-17-IF-04,CMP-17,Query,Get Trust Assessment,Trust Service,Authorized HAL components and operators with declared need,/hal/v1/cmp-17/get-trust-assessment,urn:hal:book-ix:ix-c-0168:1.0,HAL-Internal-Authority-v1,Query-Bounded-v1,FINAL
IX-C-0169,CMP-17-IF-05,CMP-17,Query,Explain Trust Basis,Trust Service,Authorized HAL components and operators with declared need,/hal/v1/cmp-17/explain-trust-basis,urn:hal:book-ix:ix-c-0169:1.0,HAL-Internal-Authority-v1,Query-Bounded-v1,FINAL
IX-C-0170,CMP-17-IF-06,CMP-17,Query,List Expiring Assessments,Trust Service,Authorized HAL components and operators with declared need,/hal/v1/cmp-17/list-expiring-assessments,urn:hal:book-ix:ix-c-0170:1.0,HAL-Internal-Authority-v1,Query-Bounded-v1,FINAL
IX-C-0171,CMP-17-IF-07,CMP-17,Event,Trust Assessed,Trust Service,Authorized HAL components and operators with declared need,/hal/v1/cmp-17/trust-assessed,urn:hal:book-ix:ix-c-0171:1.0,HAL-Internal-Authority-v1,Event-AtLeastOnce-v1,FINAL
IX-C-0172,CMP-17-IF-08,CMP-17,Event,Trust Degraded,Trust Service,Authorized HAL components and operators with declared need,/hal/v1/cmp-17/trust-degraded,urn:hal:book-ix:ix-c-0172:1.0,HAL-Internal-Authority-v1,Event-AtLeastOnce-v1,FINAL
IX-C-0173,CMP-17-IF-09,CMP-17,Event,Assessment Expired,Trust Service,Authorized HAL components and operators with declared need,/hal/v1/cmp-17/assessment-expired,urn:hal:book-ix:ix-c-0173:1.0,HAL-Internal-Authority-v1,Event-AtLeastOnce-v1,FINAL
IX-C-0174,CMP-18-IF-01,CMP-18,Command,Submit Evidence Candidate,Evidence Service,Authorized HAL components and operators with declared need,/hal/v1/cmp-18/submit-evidence-candidate,urn:hal:book-ix:ix-c-0174:1.0,HAL-Internal-Authority-v1,Command-Idempotent-v1,FINAL
IX-C-0175,CMP-18-IF-02,CMP-18,Command,Admit Evidence Object,Evidence Service,Authorized HAL components and operators with declared need,/hal/v1/cmp-18/admit-evidence-object,urn:hal:book-ix:ix-c-0175:1.0,HAL-Internal-Authority-v1,Command-Idempotent-v1,FINAL
IX-C-0176,CMP-18-IF-03,CMP-18,Command,Challenge Evidence,Evidence Service,Authorized HAL components and operators with declared need,/hal/v1/cmp-18/challenge-evidence,urn:hal:book-ix:ix-c-0176:1.0,HAL-Internal-Authority-v1,Command-Idempotent-v1,FINAL
IX-C-0177,CMP-18-IF-04,CMP-18,Command,Record Supersession,Evidence Service,Authorized HAL components and operators with declared need,/hal/v1/cmp-18/record-supersession,urn:hal:book-ix:ix-c-0177:1.0,HAL-Internal-Authority-v1,Command-Idempotent-v1,FINAL
IX-C-0178,CMP-18-IF-05,CMP-18,Query,Get Evidence Object,Evidence Service,Authorized HAL components and operators with declared need,/hal/v1/cmp-18/get-evidence-object,urn:hal:book-ix:ix-c-0178:1.0,HAL-Internal-Authority-v1,Query-Bounded-v1,FINAL
IX-C-0179,CMP-18-IF-06,CMP-18,Query,Trace Custody,Evidence Service,Authorized HAL components and operators with declared need,/hal/v1/cmp-18/trace-custody,urn:hal:book-ix:ix-c-0179:1.0,HAL-Internal-Authority-v1,Query-Bounded-v1,FINAL
IX-C-0180,CMP-18-IF-07,CMP-18,Query,Verify Evidence Integrity,Evidence Service,Authorized HAL components and operators with declared need,/hal/v1/cmp-18/verify-evidence-integrity,urn:hal:book-ix:ix-c-0180:1.0,HAL-Internal-Authority-v1,Query-Bounded-v1,FINAL
IX-C-0181,CMP-18-IF-08,CMP-18,Event,Evidence Admitted,Evidence Service,Authorized HAL components and operators with declared need,/hal/v1/cmp-18/evidence-admitted,urn:hal:book-ix:ix-c-0181:1.0,HAL-Internal-Authority-v1,Event-AtLeastOnce-v1,FINAL
IX-C-0182,CMP-18-IF-09,CMP-18,Event,Evidence Challenged,Evidence Service,Authorized HAL components and operators with declared need,/hal/v1/cmp-18/evidence-challenged,urn:hal:book-ix:ix-c-0182:1.0,HAL-Internal-Authority-v1,Event-AtLeastOnce-v1,FINAL
IX-C-0183,CMP-18-IF-10,CMP-18,Event,Evidence Superseded,Evidence Service,Authorized HAL components and operators with declared need,/hal/v1/cmp-18/evidence-superseded,urn:hal:book-ix:ix-c-0183:1.0,HAL-Internal-Authority-v1,Event-AtLeastOnce-v1,FINAL
IX-C-0184,CMP-19-IF-01,CMP-19,Command,Classify Data,Privacy and Data Governance Service,Authorized HAL components and operators with declared need,/hal/v1/cmp-19/classify-data,urn:hal:book-ix:ix-c-0184:1.0,HAL-Internal-Authority-v1,Command-Idempotent-v1,FINAL
IX-C-0185,CMP-19-IF-02,CMP-19,Command,Authorize Purpose,Privacy and Data Governance Service,Authorized HAL components and operators with declared need,/hal/v1/cmp-19/authorize-purpose,urn:hal:book-ix:ix-c-0185:1.0,HAL-Internal-Authority-v1,Command-Idempotent-v1,FINAL
IX-C-0186,CMP-19-IF-03,CMP-19,Command,Set Retention,Privacy and Data Governance Service,Authorized HAL components and operators with declared need,/hal/v1/cmp-19/set-retention,urn:hal:book-ix:ix-c-0186:1.0,HAL-Internal-Authority-v1,Command-Idempotent-v1,FINAL
IX-C-0187,CMP-19-IF-04,CMP-19,Command,Order Deletion,Privacy and Data Governance Service,Authorized HAL components and operators with declared need,/hal/v1/cmp-19/order-deletion,urn:hal:book-ix:ix-c-0187:1.0,HAL-Internal-Authority-v1,Command-Idempotent-v1,FINAL
IX-C-0188,CMP-19-IF-05,CMP-19,Command,Restrict Disclosure,Privacy and Data Governance Service,Authorized HAL components and operators with declared need,/hal/v1/cmp-19/restrict-disclosure,urn:hal:book-ix:ix-c-0188:1.0,HAL-Internal-Authority-v1,Command-Idempotent-v1,FINAL
IX-C-0189,CMP-19-IF-06,CMP-19,Query,Get Data Policy,Privacy and Data Governance Service,Authorized HAL components and operators with declared need,/hal/v1/cmp-19/get-data-policy,urn:hal:book-ix:ix-c-0189:1.0,HAL-Internal-Authority-v1,Query-Bounded-v1,FINAL
IX-C-0190,CMP-19-IF-07,CMP-19,Query,Evaluate Data Use,Privacy and Data Governance Service,Authorized HAL components and operators with declared need,/hal/v1/cmp-19/evaluate-data-use,urn:hal:book-ix:ix-c-0190:1.0,HAL-Internal-Authority-v1,Query-Bounded-v1,FINAL
IX-C-0191,CMP-19-IF-08,CMP-19,Query,Get Deletion Status,Privacy and Data Governance Service,Authorized HAL components and operators with declared need,/hal/v1/cmp-19/get-deletion-status,urn:hal:book-ix:ix-c-0191:1.0,HAL-Internal-Authority-v1,Query-Bounded-v1,FINAL
IX-C-0192,CMP-19-IF-09,CMP-19,Event,Data Classified,Privacy and Data Governance Service,Authorized HAL components and operators with declared need,/hal/v1/cmp-19/data-classified,urn:hal:book-ix:ix-c-0192:1.0,HAL-Internal-Authority-v1,Event-AtLeastOnce-v1,FINAL
IX-C-0193,CMP-19-IF-10,CMP-19,Event,Purpose Authorized,Privacy and Data Governance Service,Authorized HAL components and operators with declared need,/hal/v1/cmp-19/purpose-authorized,urn:hal:book-ix:ix-c-0193:1.0,HAL-Internal-Authority-v1,Event-AtLeastOnce-v1,FINAL
IX-C-0194,CMP-19-IF-11,CMP-19,Event,Deletion Completed,Privacy and Data Governance Service,Authorized HAL components and operators with declared need,/hal/v1/cmp-19/deletion-completed,urn:hal:book-ix:ix-c-0194:1.0,HAL-Internal-Authority-v1,Event-AtLeastOnce-v1,FINAL
IX-C-0195,CMP-19-IF-12,CMP-19,Event,Use Denied,Privacy and Data Governance Service,Authorized HAL components and operators with declared need,/hal/v1/cmp-19/use-denied,urn:hal:book-ix:ix-c-0195:1.0,HAL-Internal-Authority-v1,Event-AtLeastOnce-v1,FINAL
IX-C-0196,CMP-20-IF-01,CMP-20,Command,Open Domain Session,Constitutional Firewall,Authorized HAL components and operators with declared need,/hal/v1/cmp-20/open-domain-session,urn:hal:book-ix:ix-c-0196:1.0,HAL-Internal-Authority-v1,Command-Idempotent-v1,FINAL
IX-C-0197,CMP-20-IF-02,CMP-20,Command,Authorize Exchange,Constitutional Firewall,Authorized HAL components and operators with declared need,/hal/v1/cmp-20/authorize-exchange,urn:hal:book-ix:ix-c-0197:1.0,HAL-Internal-Authority-v1,Command-Idempotent-v1,FINAL
IX-C-0198,CMP-20-IF-03,CMP-20,Command,Terminate Exchange,Constitutional Firewall,Authorized HAL components and operators with declared need,/hal/v1/cmp-20/terminate-exchange,urn:hal:book-ix:ix-c-0198:1.0,HAL-Internal-Authority-v1,Command-Idempotent-v1,FINAL
IX-C-0199,CMP-20-IF-04,CMP-20,Command,Quarantine Payload,Constitutional Firewall,Authorized HAL components and operators with declared need,/hal/v1/cmp-20/quarantine-payload,urn:hal:book-ix:ix-c-0199:1.0,HAL-Internal-Authority-v1,Command-Idempotent-v1,FINAL
IX-C-0200,CMP-20-IF-05,CMP-20,Query,Get Firewall Decision,Constitutional Firewall,Authorized HAL components and operators with declared need,/hal/v1/cmp-20/get-firewall-decision,urn:hal:book-ix:ix-c-0200:1.0,HAL-Internal-Authority-v1,Query-Bounded-v1,FINAL
IX-C-0201,CMP-20-IF-06,CMP-20,Query,Get Active Treaty View,Constitutional Firewall,Authorized HAL components and operators with declared need,/hal/v1/cmp-20/get-active-treaty-view,urn:hal:book-ix:ix-c-0201:1.0,HAL-Internal-Authority-v1,Query-Bounded-v1,FINAL
IX-C-0202,CMP-20-IF-07,CMP-20,Query,Explain Denial,Constitutional Firewall,Authorized HAL components and operators with declared need,/hal/v1/cmp-20/explain-denial,urn:hal:book-ix:ix-c-0202:1.0,HAL-Internal-Authority-v1,Query-Bounded-v1,FINAL
IX-C-0203,CMP-20-IF-08,CMP-20,Event,Exchange Allowed,Constitutional Firewall,Authorized HAL components and operators with declared need,/hal/v1/cmp-20/exchange-allowed,urn:hal:book-ix:ix-c-0203:1.0,HAL-Internal-Authority-v1,Event-AtLeastOnce-v1,FINAL
IX-C-0204,CMP-20-IF-09,CMP-20,Event,Exchange Denied,Constitutional Firewall,Authorized HAL components and operators with declared need,/hal/v1/cmp-20/exchange-denied,urn:hal:book-ix:ix-c-0204:1.0,HAL-Internal-Authority-v1,Event-AtLeastOnce-v1,FINAL
IX-C-0205,CMP-20-IF-10,CMP-20,Event,Domain Session Terminated,Constitutional Firewall,Authorized HAL components and operators with declared need,/hal/v1/cmp-20/domain-session-terminated,urn:hal:book-ix:ix-c-0205:1.0,HAL-Internal-Authority-v1,Event-AtLeastOnce-v1,FINAL
IX-C-0206,CMP-21-IF-01,CMP-21,Command,Propose Treaty,Treaty Manager,Authorized HAL components and operators with declared need,/hal/v1/cmp-21/propose-treaty,urn:hal:book-ix:ix-c-0206:1.0,HAL-Internal-Authority-v1,Command-Idempotent-v1,FINAL
IX-C-0207,CMP-21-IF-02,CMP-21,Command,Authorize Treaty,Treaty Manager,Authorized HAL components and operators with declared need,/hal/v1/cmp-21/authorize-treaty,urn:hal:book-ix:ix-c-0207:1.0,HAL-Internal-Authority-v1,Command-Idempotent-v1,FINAL
IX-C-0208,CMP-21-IF-03,CMP-21,Command,Activate Treaty,Treaty Manager,Authorized HAL components and operators with declared need,/hal/v1/cmp-21/activate-treaty,urn:hal:book-ix:ix-c-0208:1.0,HAL-Internal-Authority-v1,Command-Idempotent-v1,FINAL
IX-C-0209,CMP-21-IF-04,CMP-21,Command,Suspend Treaty,Treaty Manager,Authorized HAL components and operators with declared need,/hal/v1/cmp-21/suspend-treaty,urn:hal:book-ix:ix-c-0209:1.0,HAL-Internal-Authority-v1,Command-Idempotent-v1,FINAL
IX-C-0210,CMP-21-IF-05,CMP-21,Command,Revoke Treaty,Treaty Manager,Authorized HAL components and operators with declared need,/hal/v1/cmp-21/revoke-treaty,urn:hal:book-ix:ix-c-0210:1.0,HAL-Internal-Authority-v1,Command-Idempotent-v1,FINAL
IX-C-0211,CMP-21-IF-06,CMP-21,Query,Get Treaty,Treaty Manager,Authorized HAL components and operators with declared need,/hal/v1/cmp-21/get-treaty,urn:hal:book-ix:ix-c-0211:1.0,HAL-Internal-Authority-v1,Query-Bounded-v1,FINAL
IX-C-0212,CMP-21-IF-07,CMP-21,Query,Compare Treaty Version,Treaty Manager,Authorized HAL components and operators with declared need,/hal/v1/cmp-21/compare-treaty-version,urn:hal:book-ix:ix-c-0212:1.0,HAL-Internal-Authority-v1,Query-Bounded-v1,FINAL
IX-C-0213,CMP-21-IF-08,CMP-21,Query,List Active Treaties,Treaty Manager,Authorized HAL components and operators with declared need,/hal/v1/cmp-21/list-active-treaties,urn:hal:book-ix:ix-c-0213:1.0,HAL-Internal-Authority-v1,Query-Bounded-v1,FINAL
IX-C-0214,CMP-21-IF-09,CMP-21,Event,Treaty Proposed,Treaty Manager,Authorized HAL components and operators with declared need,/hal/v1/cmp-21/treaty-proposed,urn:hal:book-ix:ix-c-0214:1.0,HAL-Internal-Authority-v1,Event-AtLeastOnce-v1,FINAL
IX-C-0215,CMP-21-IF-10,CMP-21,Event,Treaty Activated,Treaty Manager,Authorized HAL components and operators with declared need,/hal/v1/cmp-21/treaty-activated,urn:hal:book-ix:ix-c-0215:1.0,HAL-Internal-Authority-v1,Event-AtLeastOnce-v1,FINAL
IX-C-0216,CMP-21-IF-11,CMP-21,Event,Treaty Suspended,Treaty Manager,Authorized HAL components and operators with declared need,/hal/v1/cmp-21/treaty-suspended,urn:hal:book-ix:ix-c-0216:1.0,HAL-Internal-Authority-v1,Event-AtLeastOnce-v1,FINAL
IX-C-0217,CMP-21-IF-12,CMP-21,Event,Treaty Revoked,Treaty Manager,Authorized HAL components and operators with declared need,/hal/v1/cmp-21/treaty-revoked,urn:hal:book-ix:ix-c-0217:1.0,HAL-Internal-Authority-v1,Event-AtLeastOnce-v1,FINAL
IX-C-0218,CMP-22-IF-01,CMP-22,Command,Publish Command,Event and Messaging Platform,Authorized HAL components and operators with declared need,/hal/v1/cmp-22/publish-command,urn:hal:book-ix:ix-c-0218:1.0,HAL-Internal-Authority-v1,Command-Idempotent-v1,FINAL
IX-C-0219,CMP-22-IF-02,CMP-22,Command,Append Event,Event and Messaging Platform,Authorized HAL components and operators with declared need,/hal/v1/cmp-22/append-event,urn:hal:book-ix:ix-c-0219:1.0,HAL-Internal-Authority-v1,Command-Idempotent-v1,FINAL
IX-C-0220,CMP-22-IF-03,CMP-22,Command,Acknowledge Delivery,Event and Messaging Platform,Authorized HAL components and operators with declared need,/hal/v1/cmp-22/acknowledge-delivery,urn:hal:book-ix:ix-c-0220:1.0,HAL-Internal-Authority-v1,Command-Idempotent-v1,FINAL
IX-C-0221,CMP-22-IF-04,CMP-22,Command,Quarantine Message,Event and Messaging Platform,Authorized HAL components and operators with declared need,/hal/v1/cmp-22/quarantine-message,urn:hal:book-ix:ix-c-0221:1.0,HAL-Internal-Authority-v1,Command-Idempotent-v1,FINAL
IX-C-0222,CMP-22-IF-05,CMP-22,Query,Query Event Stream,Event and Messaging Platform,Authorized HAL components and operators with declared need,/hal/v1/cmp-22/query-event-stream,urn:hal:book-ix:ix-c-0222:1.0,HAL-Internal-Authority-v1,Query-Bounded-v1,FINAL
IX-C-0223,CMP-22-IF-06,CMP-22,Query,Get Delivery State,Event and Messaging Platform,Authorized HAL components and operators with declared need,/hal/v1/cmp-22/get-delivery-state,urn:hal:book-ix:ix-c-0223:1.0,HAL-Internal-Authority-v1,Query-Bounded-v1,FINAL
IX-C-0224,CMP-22-IF-07,CMP-22,Query,Trace Causation,Event and Messaging Platform,Authorized HAL components and operators with declared need,/hal/v1/cmp-22/trace-causation,urn:hal:book-ix:ix-c-0224:1.0,HAL-Internal-Authority-v1,Query-Bounded-v1,FINAL
IX-C-0225,CMP-22-IF-08,CMP-22,Event,Message Accepted,Event and Messaging Platform,Authorized HAL components and operators with declared need,/hal/v1/cmp-22/message-accepted,urn:hal:book-ix:ix-c-0225:1.0,HAL-Internal-Authority-v1,Event-AtLeastOnce-v1,FINAL
IX-C-0226,CMP-22-IF-09,CMP-22,Event,Event Published,Event and Messaging Platform,Authorized HAL components and operators with declared need,/hal/v1/cmp-22/event-published,urn:hal:book-ix:ix-c-0226:1.0,HAL-Internal-Authority-v1,Event-AtLeastOnce-v1,FINAL
IX-C-0227,CMP-22-IF-10,CMP-22,Event,Delivery Failed,Event and Messaging Platform,Authorized HAL components and operators with declared need,/hal/v1/cmp-22/delivery-failed,urn:hal:book-ix:ix-c-0227:1.0,HAL-Internal-Authority-v1,Event-AtLeastOnce-v1,FINAL
IX-C-0228,CMP-22-IF-11,CMP-22,Event,Message Quarantined,Event and Messaging Platform,Authorized HAL components and operators with declared need,/hal/v1/cmp-22/message-quarantined,urn:hal:book-ix:ix-c-0228:1.0,HAL-Internal-Authority-v1,Event-AtLeastOnce-v1,FINAL
IX-C-0229,CMP-23-IF-01,CMP-23,Command,Commit State Change,State and Persistence Platform,Authorized HAL components and operators with declared need,/hal/v1/cmp-23/commit-state-change,urn:hal:book-ix:ix-c-0229:1.0,HAL-Internal-Authority-v1,Command-Idempotent-v1,FINAL
IX-C-0230,CMP-23-IF-02,CMP-23,Command,Create Snapshot,State and Persistence Platform,Authorized HAL components and operators with declared need,/hal/v1/cmp-23/create-snapshot,urn:hal:book-ix:ix-c-0230:1.0,HAL-Internal-Authority-v1,Command-Idempotent-v1,FINAL
IX-C-0231,CMP-23-IF-03,CMP-23,Command,Migrate Store,State and Persistence Platform,Authorized HAL components and operators with declared need,/hal/v1/cmp-23/migrate-store,urn:hal:book-ix:ix-c-0231:1.0,HAL-Internal-Authority-v1,Command-Idempotent-v1,FINAL
IX-C-0232,CMP-23-IF-04,CMP-23,Command,Rebuild Projection,State and Persistence Platform,Authorized HAL components and operators with declared need,/hal/v1/cmp-23/rebuild-projection,urn:hal:book-ix:ix-c-0232:1.0,HAL-Internal-Authority-v1,Command-Idempotent-v1,FINAL
IX-C-0233,CMP-23-IF-05,CMP-23,Query,Read State,State and Persistence Platform,Authorized HAL components and operators with declared need,/hal/v1/cmp-23/read-state,urn:hal:book-ix:ix-c-0233:1.0,HAL-Internal-Authority-v1,Query-Bounded-v1,FINAL
IX-C-0234,CMP-23-IF-06,CMP-23,Query,Get Version,State and Persistence Platform,Authorized HAL components and operators with declared need,/hal/v1/cmp-23/get-version,urn:hal:book-ix:ix-c-0234:1.0,HAL-Internal-Authority-v1,Query-Bounded-v1,FINAL
IX-C-0235,CMP-23-IF-07,CMP-23,Query,Verify Replica,State and Persistence Platform,Authorized HAL components and operators with declared need,/hal/v1/cmp-23/verify-replica,urn:hal:book-ix:ix-c-0235:1.0,HAL-Internal-Authority-v1,Query-Bounded-v1,FINAL
IX-C-0236,CMP-23-IF-08,CMP-23,Query,Get Migration State,State and Persistence Platform,Authorized HAL components and operators with declared need,/hal/v1/cmp-23/get-migration-state,urn:hal:book-ix:ix-c-0236:1.0,HAL-Internal-Authority-v1,Query-Bounded-v1,FINAL
IX-C-0237,CMP-23-IF-09,CMP-23,Event,State Committed,State and Persistence Platform,Authorized HAL components and operators with declared need,/hal/v1/cmp-23/state-committed,urn:hal:book-ix:ix-c-0237:1.0,HAL-Internal-Authority-v1,Event-AtLeastOnce-v1,FINAL
IX-C-0238,CMP-23-IF-10,CMP-23,Event,Snapshot Created,State and Persistence Platform,Authorized HAL components and operators with declared need,/hal/v1/cmp-23/snapshot-created,urn:hal:book-ix:ix-c-0238:1.0,HAL-Internal-Authority-v1,Event-AtLeastOnce-v1,FINAL
IX-C-0239,CMP-23-IF-11,CMP-23,Event,Migration Completed,State and Persistence Platform,Authorized HAL components and operators with declared need,/hal/v1/cmp-23/migration-completed,urn:hal:book-ix:ix-c-0239:1.0,HAL-Internal-Authority-v1,Event-AtLeastOnce-v1,FINAL
IX-C-0240,CMP-23-IF-12,CMP-23,Event,Replica Diverged,State and Persistence Platform,Authorized HAL components and operators with declared need,/hal/v1/cmp-23/replica-diverged,urn:hal:book-ix:ix-c-0240:1.0,HAL-Internal-Authority-v1,Event-AtLeastOnce-v1,FINAL
IX-C-0241,CMP-24-IF-01,CMP-24,Command,Append Audit Record,Observability and Audit Platform,Authorized HAL components and operators with declared need,/hal/v1/cmp-24/append-audit-record,urn:hal:book-ix:ix-c-0241:1.0,HAL-Internal-Authority-v1,Command-Idempotent-v1,FINAL
IX-C-0242,CMP-24-IF-02,CMP-24,Command,Emit Telemetry,Observability and Audit Platform,Authorized HAL components and operators with declared need,/hal/v1/cmp-24/emit-telemetry,urn:hal:book-ix:ix-c-0242:1.0,HAL-Internal-Authority-v1,Command-Idempotent-v1,FINAL
IX-C-0243,CMP-24-IF-03,CMP-24,Command,Declare Alert,Observability and Audit Platform,Authorized HAL components and operators with declared need,/hal/v1/cmp-24/declare-alert,urn:hal:book-ix:ix-c-0243:1.0,HAL-Internal-Authority-v1,Command-Idempotent-v1,FINAL
IX-C-0244,CMP-24-IF-04,CMP-24,Command,Seal Audit Segment,Observability and Audit Platform,Authorized HAL components and operators with declared need,/hal/v1/cmp-24/seal-audit-segment,urn:hal:book-ix:ix-c-0244:1.0,HAL-Internal-Authority-v1,Command-Idempotent-v1,FINAL
IX-C-0245,CMP-24-IF-05,CMP-24,Query,Query Audit Ledger,Observability and Audit Platform,Authorized HAL components and operators with declared need,/hal/v1/cmp-24/query-audit-ledger,urn:hal:book-ix:ix-c-0245:1.0,HAL-Internal-Authority-v1,Query-Bounded-v1,FINAL
IX-C-0246,CMP-24-IF-06,CMP-24,Query,Get Trace,Observability and Audit Platform,Authorized HAL components and operators with declared need,/hal/v1/cmp-24/get-trace,urn:hal:book-ix:ix-c-0246:1.0,HAL-Internal-Authority-v1,Query-Bounded-v1,FINAL
IX-C-0247,CMP-24-IF-07,CMP-24,Query,Get Metric,Observability and Audit Platform,Authorized HAL components and operators with declared need,/hal/v1/cmp-24/get-metric,urn:hal:book-ix:ix-c-0247:1.0,HAL-Internal-Authority-v1,Query-Bounded-v1,FINAL
IX-C-0248,CMP-24-IF-08,CMP-24,Query,Verify Audit Chain,Observability and Audit Platform,Authorized HAL components and operators with declared need,/hal/v1/cmp-24/verify-audit-chain,urn:hal:book-ix:ix-c-0248:1.0,HAL-Internal-Authority-v1,Query-Bounded-v1,FINAL
IX-C-0249,CMP-24-IF-09,CMP-24,Event,Audit Record Appended,Observability and Audit Platform,Authorized HAL components and operators with declared need,/hal/v1/cmp-24/audit-record-appended,urn:hal:book-ix:ix-c-0249:1.0,HAL-Internal-Authority-v1,Event-AtLeastOnce-v1,FINAL
IX-C-0250,CMP-24-IF-10,CMP-24,Event,Alert Raised,Observability and Audit Platform,Authorized HAL components and operators with declared need,/hal/v1/cmp-24/alert-raised,urn:hal:book-ix:ix-c-0250:1.0,HAL-Internal-Authority-v1,Event-AtLeastOnce-v1,FINAL
IX-C-0251,CMP-24-IF-11,CMP-24,Event,Audit Chain Broken,Observability and Audit Platform,Authorized HAL components and operators with declared need,/hal/v1/cmp-24/audit-chain-broken,urn:hal:book-ix:ix-c-0251:1.0,HAL-Internal-Authority-v1,Event-AtLeastOnce-v1,FINAL
IX-C-0252,CMP-25-IF-01,CMP-25,Command,Start Service,Runtime Supervisor,Authorized HAL components and operators with declared need,/hal/v1/cmp-25/start-service,urn:hal:book-ix:ix-c-0252:1.0,HAL-Internal-Authority-v1,Command-Idempotent-v1,FINAL
IX-C-0253,CMP-25-IF-02,CMP-25,Command,Stop Service,Runtime Supervisor,Authorized HAL components and operators with declared need,/hal/v1/cmp-25/stop-service,urn:hal:book-ix:ix-c-0253:1.0,HAL-Internal-Authority-v1,Command-Idempotent-v1,FINAL
IX-C-0254,CMP-25-IF-03,CMP-25,Command,Restart Service,Runtime Supervisor,Authorized HAL components and operators with declared need,/hal/v1/cmp-25/restart-service,urn:hal:book-ix:ix-c-0254:1.0,HAL-Internal-Authority-v1,Command-Idempotent-v1,FINAL
IX-C-0255,CMP-25-IF-04,CMP-25,Command,Enter Degraded Mode,Runtime Supervisor,Authorized HAL components and operators with declared need,/hal/v1/cmp-25/enter-degraded-mode,urn:hal:book-ix:ix-c-0255:1.0,HAL-Internal-Authority-v1,Command-Idempotent-v1,FINAL
IX-C-0256,CMP-25-IF-05,CMP-25,Command,Quarantine Service,Runtime Supervisor,Authorized HAL components and operators with declared need,/hal/v1/cmp-25/quarantine-service,urn:hal:book-ix:ix-c-0256:1.0,HAL-Internal-Authority-v1,Command-Idempotent-v1,FINAL
IX-C-0257,CMP-25-IF-06,CMP-25,Query,Get Service State,Runtime Supervisor,Authorized HAL components and operators with declared need,/hal/v1/cmp-25/get-service-state,urn:hal:book-ix:ix-c-0257:1.0,HAL-Internal-Authority-v1,Query-Bounded-v1,FINAL
IX-C-0258,CMP-25-IF-07,CMP-25,Query,Get Health,Runtime Supervisor,Authorized HAL components and operators with declared need,/hal/v1/cmp-25/get-health,urn:hal:book-ix:ix-c-0258:1.0,HAL-Internal-Authority-v1,Query-Bounded-v1,FINAL
IX-C-0259,CMP-25-IF-08,CMP-25,Query,Get Resource Use,Runtime Supervisor,Authorized HAL components and operators with declared need,/hal/v1/cmp-25/get-resource-use,urn:hal:book-ix:ix-c-0259:1.0,HAL-Internal-Authority-v1,Query-Bounded-v1,FINAL
IX-C-0260,CMP-25-IF-09,CMP-25,Event,Service Ready,Runtime Supervisor,Authorized HAL components and operators with declared need,/hal/v1/cmp-25/service-ready,urn:hal:book-ix:ix-c-0260:1.0,HAL-Internal-Authority-v1,Event-AtLeastOnce-v1,FINAL
IX-C-0261,CMP-25-IF-10,CMP-25,Event,Service Degraded,Runtime Supervisor,Authorized HAL components and operators with declared need,/hal/v1/cmp-25/service-degraded,urn:hal:book-ix:ix-c-0261:1.0,HAL-Internal-Authority-v1,Event-AtLeastOnce-v1,FINAL
IX-C-0262,CMP-25-IF-11,CMP-25,Event,Service Quarantined,Runtime Supervisor,Authorized HAL components and operators with declared need,/hal/v1/cmp-25/service-quarantined,urn:hal:book-ix:ix-c-0262:1.0,HAL-Internal-Authority-v1,Event-AtLeastOnce-v1,FINAL
IX-C-0263,CMP-25-IF-12,CMP-25,Event,Service Stopped,Runtime Supervisor,Authorized HAL components and operators with declared need,/hal/v1/cmp-25/service-stopped,urn:hal:book-ix:ix-c-0263:1.0,HAL-Internal-Authority-v1,Event-AtLeastOnce-v1,FINAL
IX-C-0264,CMP-26-IF-01,CMP-26,Command,Open Recovery Case,Recovery Coordinator,Authorized HAL components and operators with declared need,/hal/v1/cmp-26/open-recovery-case,urn:hal:book-ix:ix-c-0264:1.0,HAL-Internal-Authority-v1,Command-Idempotent-v1,FINAL
IX-C-0265,CMP-26-IF-02,CMP-26,Command,Authorize Recovery Step,Recovery Coordinator,Authorized HAL components and operators with declared need,/hal/v1/cmp-26/authorize-recovery-step,urn:hal:book-ix:ix-c-0265:1.0,HAL-Internal-Authority-v1,Command-Idempotent-v1,FINAL
IX-C-0266,CMP-26-IF-03,CMP-26,Command,Restore State,Recovery Coordinator,Authorized HAL components and operators with declared need,/hal/v1/cmp-26/restore-state,urn:hal:book-ix:ix-c-0266:1.0,HAL-Internal-Authority-v1,Command-Idempotent-v1,FINAL
IX-C-0267,CMP-26-IF-04,CMP-26,Command,Reconcile Partition,Recovery Coordinator,Authorized HAL components and operators with declared need,/hal/v1/cmp-26/reconcile-partition,urn:hal:book-ix:ix-c-0267:1.0,HAL-Internal-Authority-v1,Command-Idempotent-v1,FINAL
IX-C-0268,CMP-26-IF-05,CMP-26,Command,Close Recovery,Recovery Coordinator,Authorized HAL components and operators with declared need,/hal/v1/cmp-26/close-recovery,urn:hal:book-ix:ix-c-0268:1.0,HAL-Internal-Authority-v1,Command-Idempotent-v1,FINAL
IX-C-0269,CMP-26-IF-06,CMP-26,Query,Get Recovery State,Recovery Coordinator,Authorized HAL components and operators with declared need,/hal/v1/cmp-26/get-recovery-state,urn:hal:book-ix:ix-c-0269:1.0,HAL-Internal-Authority-v1,Query-Bounded-v1,FINAL
IX-C-0270,CMP-26-IF-07,CMP-26,Query,Get RPO/RTO Result,Recovery Coordinator,Authorized HAL components and operators with declared need,/hal/v1/cmp-26/get-rpo-rto-result,urn:hal:book-ix:ix-c-0270:1.0,HAL-Internal-Authority-v1,Query-Bounded-v1,FINAL
IX-C-0271,CMP-26-IF-08,CMP-26,Query,Explain Reconciliation,Recovery Coordinator,Authorized HAL components and operators with declared need,/hal/v1/cmp-26/explain-reconciliation,urn:hal:book-ix:ix-c-0271:1.0,HAL-Internal-Authority-v1,Query-Bounded-v1,FINAL
IX-C-0272,CMP-26-IF-09,CMP-26,Event,Recovery Started,Recovery Coordinator,Authorized HAL components and operators with declared need,/hal/v1/cmp-26/recovery-started,urn:hal:book-ix:ix-c-0272:1.0,HAL-Internal-Authority-v1,Event-AtLeastOnce-v1,FINAL
IX-C-0273,CMP-26-IF-10,CMP-26,Event,State Restored,Recovery Coordinator,Authorized HAL components and operators with declared need,/hal/v1/cmp-26/state-restored,urn:hal:book-ix:ix-c-0273:1.0,HAL-Internal-Authority-v1,Event-AtLeastOnce-v1,FINAL
IX-C-0274,CMP-26-IF-11,CMP-26,Event,Partition Reconciled,Recovery Coordinator,Authorized HAL components and operators with declared need,/hal/v1/cmp-26/partition-reconciled,urn:hal:book-ix:ix-c-0274:1.0,HAL-Internal-Authority-v1,Event-AtLeastOnce-v1,FINAL
IX-C-0275,CMP-26-IF-12,CMP-26,Event,Recovery Failed,Recovery Coordinator,Authorized HAL components and operators with declared need,/hal/v1/cmp-26/recovery-failed,urn:hal:book-ix:ix-c-0275:1.0,HAL-Internal-Authority-v1,Event-AtLeastOnce-v1,FINAL
IX-C-0276,CMP-27-IF-01,CMP-27,Command,Start Interaction,Human Interaction Layer,Authorized HAL components and operators with declared need,/hal/v1/cmp-27/start-interaction,urn:hal:book-ix:ix-c-0276:1.0,HAL-Internal-Authority-v1,Command-Idempotent-v1,FINAL
IX-C-0277,CMP-27-IF-02,CMP-27,Command,Submit Human Input,Human Interaction Layer,Authorized HAL components and operators with declared need,/hal/v1/cmp-27/submit-human-input,urn:hal:book-ix:ix-c-0277:1.0,HAL-Internal-Authority-v1,Command-Idempotent-v1,FINAL
IX-C-0278,CMP-27-IF-03,CMP-27,Command,Request Confirmation,Human Interaction Layer,Authorized HAL components and operators with declared need,/hal/v1/cmp-27/request-confirmation,urn:hal:book-ix:ix-c-0278:1.0,HAL-Internal-Authority-v1,Command-Idempotent-v1,FINAL
IX-C-0279,CMP-27-IF-04,CMP-27,Command,End Interaction,Human Interaction Layer,Authorized HAL components and operators with declared need,/hal/v1/cmp-27/end-interaction,urn:hal:book-ix:ix-c-0279:1.0,HAL-Internal-Authority-v1,Command-Idempotent-v1,FINAL
IX-C-0280,CMP-27-IF-05,CMP-27,Query,Get Session State,Human Interaction Layer,Authorized HAL components and operators with declared need,/hal/v1/cmp-27/get-session-state,urn:hal:book-ix:ix-c-0280:1.0,HAL-Internal-Authority-v1,Query-Bounded-v1,FINAL
IX-C-0281,CMP-27-IF-06,CMP-27,Query,Get Accessible Representation,Human Interaction Layer,Authorized HAL components and operators with declared need,/hal/v1/cmp-27/get-accessible-representation,urn:hal:book-ix:ix-c-0281:1.0,HAL-Internal-Authority-v1,Query-Bounded-v1,FINAL
IX-C-0282,CMP-27-IF-07,CMP-27,Query,Get Action Status,Human Interaction Layer,Authorized HAL components and operators with declared need,/hal/v1/cmp-27/get-action-status,urn:hal:book-ix:ix-c-0282:1.0,HAL-Internal-Authority-v1,Query-Bounded-v1,FINAL
IX-C-0283,CMP-27-IF-08,CMP-27,Event,Interaction Started,Human Interaction Layer,Authorized HAL components and operators with declared need,/hal/v1/cmp-27/interaction-started,urn:hal:book-ix:ix-c-0283:1.0,HAL-Internal-Authority-v1,Event-AtLeastOnce-v1,FINAL
IX-C-0284,CMP-27-IF-09,CMP-27,Event,Clarification Requested,Human Interaction Layer,Authorized HAL components and operators with declared need,/hal/v1/cmp-27/clarification-requested,urn:hal:book-ix:ix-c-0284:1.0,HAL-Internal-Authority-v1,Event-AtLeastOnce-v1,FINAL
IX-C-0285,CMP-27-IF-10,CMP-27,Event,Confirmation Recorded,Human Interaction Layer,Authorized HAL components and operators with declared need,/hal/v1/cmp-27/confirmation-recorded,urn:hal:book-ix:ix-c-0285:1.0,HAL-Internal-Authority-v1,Event-AtLeastOnce-v1,FINAL
IX-C-0286,CMP-27-IF-11,CMP-27,Event,Interaction Ended,Human Interaction Layer,Authorized HAL components and operators with declared need,/hal/v1/cmp-27/interaction-ended,urn:hal:book-ix:ix-c-0286:1.0,HAL-Internal-Authority-v1,Event-AtLeastOnce-v1,FINAL
IX-C-0287,CMP-28-IF-01,CMP-28,Command,Refresh Self Model,Self-Model and Constitutional Mirror,Authorized HAL components and operators with declared need,/hal/v1/cmp-28/refresh-self-model,urn:hal:book-ix:ix-c-0287:1.0,HAL-Internal-Authority-v1,Command-Idempotent-v1,FINAL
IX-C-0288,CMP-28-IF-02,CMP-28,Command,Publish Constitutional Mirror,Self-Model and Constitutional Mirror,Authorized HAL components and operators with declared need,/hal/v1/cmp-28/publish-constitutional-mirror,urn:hal:book-ix:ix-c-0288:1.0,HAL-Internal-Authority-v1,Command-Idempotent-v1,FINAL
IX-C-0289,CMP-28-IF-03,CMP-28,Command,Invalidate Projection,Self-Model and Constitutional Mirror,Authorized HAL components and operators with declared need,/hal/v1/cmp-28/invalidate-projection,urn:hal:book-ix:ix-c-0289:1.0,HAL-Internal-Authority-v1,Command-Idempotent-v1,FINAL
IX-C-0290,CMP-28-IF-04,CMP-28,Query,Get Self Description,Self-Model and Constitutional Mirror,Authorized HAL components and operators with declared need,/hal/v1/cmp-28/get-self-description,urn:hal:book-ix:ix-c-0290:1.0,HAL-Internal-Authority-v1,Query-Bounded-v1,FINAL
IX-C-0291,CMP-28-IF-05,CMP-28,Query,Trace Mirror Claim,Self-Model and Constitutional Mirror,Authorized HAL components and operators with declared need,/hal/v1/cmp-28/trace-mirror-claim,urn:hal:book-ix:ix-c-0291:1.0,HAL-Internal-Authority-v1,Query-Bounded-v1,FINAL
IX-C-0292,CMP-28-IF-06,CMP-28,Query,Get Declared Limitation,Self-Model and Constitutional Mirror,Authorized HAL components and operators with declared need,/hal/v1/cmp-28/get-declared-limitation,urn:hal:book-ix:ix-c-0292:1.0,HAL-Internal-Authority-v1,Query-Bounded-v1,FINAL
IX-C-0293,CMP-28-IF-07,CMP-28,Event,Self Model Refreshed,Self-Model and Constitutional Mirror,Authorized HAL components and operators with declared need,/hal/v1/cmp-28/self-model-refreshed,urn:hal:book-ix:ix-c-0293:1.0,HAL-Internal-Authority-v1,Event-AtLeastOnce-v1,FINAL
IX-C-0294,CMP-28-IF-08,CMP-28,Event,Mirror Published,Self-Model and Constitutional Mirror,Authorized HAL components and operators with declared need,/hal/v1/cmp-28/mirror-published,urn:hal:book-ix:ix-c-0294:1.0,HAL-Internal-Authority-v1,Event-AtLeastOnce-v1,FINAL
IX-C-0295,CMP-28-IF-09,CMP-28,Event,Projection Invalidated,Self-Model and Constitutional Mirror,Authorized HAL components and operators with declared need,/hal/v1/cmp-28/projection-invalidated,urn:hal:book-ix:ix-c-0295:1.0,HAL-Internal-Authority-v1,Event-AtLeastOnce-v1,FINAL
IX-C-0296,CMP-29-IF-01,CMP-29,Command,Open Outcome Evaluation,Outcome and Success Evaluation Service,Authorized HAL components and operators with declared need,/hal/v1/cmp-29/open-outcome-evaluation,urn:hal:book-ix:ix-c-0296:1.0,HAL-Internal-Authority-v1,Command-Idempotent-v1,FINAL
IX-C-0297,CMP-29-IF-02,CMP-29,Command,Record Outcome,Outcome and Success Evaluation Service,Authorized HAL components and operators with declared need,/hal/v1/cmp-29/record-outcome,urn:hal:book-ix:ix-c-0297:1.0,HAL-Internal-Authority-v1,Command-Idempotent-v1,FINAL
IX-C-0298,CMP-29-IF-03,CMP-29,Command,Evaluate Success,Outcome and Success Evaluation Service,Authorized HAL components and operators with declared need,/hal/v1/cmp-29/evaluate-success,urn:hal:book-ix:ix-c-0298:1.0,HAL-Internal-Authority-v1,Command-Idempotent-v1,FINAL
IX-C-0299,CMP-29-IF-04,CMP-29,Command,Refer Learning,Outcome and Success Evaluation Service,Authorized HAL components and operators with declared need,/hal/v1/cmp-29/refer-learning,urn:hal:book-ix:ix-c-0299:1.0,HAL-Internal-Authority-v1,Command-Idempotent-v1,FINAL
IX-C-0300,CMP-29-IF-05,CMP-29,Query,Get Outcome Object,Outcome and Success Evaluation Service,Authorized HAL components and operators with declared need,/hal/v1/cmp-29/get-outcome-object,urn:hal:book-ix:ix-c-0300:1.0,HAL-Internal-Authority-v1,Query-Bounded-v1,FINAL
IX-C-0301,CMP-29-IF-06,CMP-29,Query,Explain Success Result,Outcome and Success Evaluation Service,Authorized HAL components and operators with declared need,/hal/v1/cmp-29/explain-success-result,urn:hal:book-ix:ix-c-0301:1.0,HAL-Internal-Authority-v1,Query-Bounded-v1,FINAL
IX-C-0302,CMP-29-IF-07,CMP-29,Query,List Side Effects,Outcome and Success Evaluation Service,Authorized HAL components and operators with declared need,/hal/v1/cmp-29/list-side-effects,urn:hal:book-ix:ix-c-0302:1.0,HAL-Internal-Authority-v1,Query-Bounded-v1,FINAL
IX-C-0303,CMP-29-IF-08,CMP-29,Event,Outcome Recorded,Outcome and Success Evaluation Service,Authorized HAL components and operators with declared need,/hal/v1/cmp-29/outcome-recorded,urn:hal:book-ix:ix-c-0303:1.0,HAL-Internal-Authority-v1,Event-AtLeastOnce-v1,FINAL
IX-C-0304,CMP-29-IF-09,CMP-29,Event,Success Evaluated,Outcome and Success Evaluation Service,Authorized HAL components and operators with declared need,/hal/v1/cmp-29/success-evaluated,urn:hal:book-ix:ix-c-0304:1.0,HAL-Internal-Authority-v1,Event-AtLeastOnce-v1,FINAL
IX-C-0305,CMP-29-IF-10,CMP-29,Event,Review Required,Outcome and Success Evaluation Service,Authorized HAL components and operators with declared need,/hal/v1/cmp-29/review-required,urn:hal:book-ix:ix-c-0305:1.0,HAL-Internal-Authority-v1,Event-AtLeastOnce-v1,FINAL
